,Code,Country,Year,Invertebrates,Vertebrates,Plants,Total
0,4,Afghanistan,2004,1.0,31.0,1.0,33.0
1,4,Afghanistan,2010,1.0,31.0,2.0,34.0
2,4,Afghanistan,2015,2.0,31.0,5.0,38.0
3,4,Afghanistan,2018,2.0,34.0,5.0,41.0
4,4,Afghanistan,2019,2.0,33.0,5.0,40.0
5,4,Afghanistan,2020,2.0,33.0,5.0,40.0
6,4,Afghanistan,2021,2.0,38.0,8.0,48.0
7,8,Albania,2004,4.0,33.0,0.0,37.0
8,8,Albania,2010,47.0,53.0,0.0,100.0
9,8,Albania,2015,58.0,54.0,0.0,112.0
10,8,Albania,2018,71.0,62.0,4.0,137.0
11,8,Albania,2019,71.0,61.0,5.0,137.0
12,8,Albania,2020,73.0,64.0,5.0,142.0
13,8,Albania,2021,72.0,70.0,5.0,147.0
14,10,Antarctica,2004,0.0,8.0,0.0,8.0
15,10,Antarctica,2010,0.0,6.0,0.0,6.0
16,10,Antarctica,2015,0.0,6.0,0.0,6.0
17,10,Antarctica,2018,0.0,6.0,0.0,6.0
18,10,Antarctica,2019,0.0,6.0,0.0,6.0
19,10,Antarctica,2020,0.0,6.0,0.0,6.0
20,10,Antarctica,2021,0.0,8.0,0.0,8.0
21,12,Algeria,2004,12.0,36.0,2.0,50.0
22,12,Algeria,2010,21.0,69.0,15.0,105.0
23,12,Algeria,2015,26.0,71.0,17.0,114.0
24,12,Algeria,2018,40.0,80.0,23.0,143.0
25,12,Algeria,2019,40.0,81.0,24.0,145.0
26,12,Algeria,2020,42.0,85.0,28.0,155.0
27,12,Algeria,2021,42.0,96.0,32.0,170.0
28,16,American Samoa,2004,5.0,18.0,1.0,24.0
29,16,American Samoa,2010,57.0,21.0,1.0,79.0
30,16,American Samoa,2015,64.0,25.0,1.0,90.0
31,16,American Samoa,2018,64.0,27.0,1.0,92.0
32,16,American Samoa,2019,65.0,29.0,1.0,95.0
33,16,American Samoa,2020,65.0,32.0,2.0,99.0
34,16,American Samoa,2021,66.0,34.0,2.0,102.0
35,20,Andorra,2004,4.0,1.0,0.0,5.0
36,20,Andorra,2010,4.0,4.0,0.0,8.0
37,20,Andorra,2015,7.0,4.0,0.0,11.0
38,20,Andorra,2018,8.0,6.0,0.0,14.0
39,20,Andorra,2019,8.0,6.0,1.0,15.0
40,20,Andorra,2020,8.0,6.0,1.0,15.0
41,20,Andorra,2021,7.0,6.0,1.0,14.0
42,24,Angola,2004,6.0,44.0,26.0,76.0
43,24,Angola,2010,7.0,77.0,33.0,117.0
44,24,Angola,2015,9.0,87.0,34.0,130.0
45,24,Angola,2018,11.0,108.0,35.0,154.0
46,24,Angola,2019,11.0,111.0,36.0,158.0
47,24,Angola,2020,11.0,117.0,43.0,171.0
48,24,Angola,2021,11.0,134.0,48.0,193.0
49,28,Antigua and Barbuda,2004,0.0,18.0,4.0,22.0
50,28,Antigua and Barbuda,2010,11.0,23.0,4.0,38.0
51,28,Antigua and Barbuda,2015,11.0,38.0,4.0,53.0
52,28,Antigua and Barbuda,2018,11.0,41.0,4.0,56.0
53,28,Antigua and Barbuda,2019,11.0,44.0,4.0,59.0
54,28,Antigua and Barbuda,2020,11.0,47.0,3.0,61.0
55,28,Antigua and Barbuda,2021,11.0,60.0,2.0,73.0
56,31,Azerbaijan,2004,6.0,32.0,0.0,38.0
57,31,Azerbaijan,2010,4.0,41.0,0.0,45.0
58,31,Azerbaijan,2015,7.0,43.0,42.0,92.0
59,31,Azerbaijan,2018,7.0,47.0,43.0,97.0
60,31,Azerbaijan,2019,7.0,49.0,45.0,101.0
61,31,Azerbaijan,2020,7.0,49.0,46.0,102.0
62,31,Azerbaijan,2021,7.0,47.0,46.0,100.0
63,32,Argentina,2004,10.0,134.0,42.0,186.0
64,32,Argentina,2010,12.0,157.0,44.0,213.0
65,32,Argentina,2015,13.0,160.0,70.0,243.0
66,32,Argentina,2018,14.0,186.0,70.0,270.0
67,32,Argentina,2019,14.0,190.0,75.0,279.0
68,32,Argentina,2020,15.0,194.0,76.0,285.0
69,32,Argentina,2021,19.0,210.0,91.0,320.0
70,36,Australia,2004,283.0,282.0,56.0,621.0
71,36,Australia,2010,489.0,297.0,67.0,853.0
72,36,Australia,2015,514.0,304.0,91.0,909.0
73,36,Australia,2018,534.0,358.0,106.0,998.0
74,36,Australia,2019,545.0,363.0,108.0,1016.0
75,36,Australia,2020,548.0,433.0,327.0,1308.0
76,36,Australia,2021,556.0,457.0,760.0,1773.0
77,40,Austria,2004,44.0,20.0,3.0,67.0
78,40,Austria,2010,55.0,23.0,4.0,82.0
79,40,Austria,2015,69.0,24.0,13.0,106.0
80,40,Austria,2018,74.0,28.0,25.0,127.0
81,40,Austria,2019,74.0,28.0,68.0,170.0
82,40,Austria,2020,74.0,28.0,83.0,185.0
83,40,Austria,2021,74.0,30.0,84.0,188.0
84,44,Bahamas,2004,1.0,36.0,5.0,42.0
85,44,Bahamas,2010,11.0,44.0,7.0,62.0
86,44,Bahamas,2015,12.0,61.0,8.0,81.0
87,44,Bahamas,2018,12.0,71.0,7.0,90.0
88,44,Bahamas,2019,12.0,71.0,12.0,95.0
89,44,Bahamas,2020,12.0,72.0,12.0,96.0
90,44,Bahamas,2021,13.0,85.0,23.0,121.0
91,48,Bahrain,2004,0.0,18.0,0.0,18.0
92,48,Bahrain,2010,13.0,19.0,0.0,32.0
93,48,Bahrain,2015,13.0,19.0,0.0,32.0
94,48,Bahrain,2018,13.0,27.0,0.0,40.0
95,48,Bahrain,2019,13.0,33.0,0.0,46.0
96,48,Bahrain,2020,13.0,34.0,0.0,47.0
97,48,Bahrain,2021,13.0,40.0,0.0,53.0
98,50,Bangladesh,2004,0.0,73.0,12.0,85.0
99,50,Bangladesh,2010,2.0,104.0,16.0,122.0
100,50,Bangladesh,2015,7.0,109.0,21.0,137.0
101,50,Bangladesh,2018,7.0,125.0,22.0,154.0
102,50,Bangladesh,2019,7.0,128.0,23.0,158.0
103,50,Bangladesh,2020,7.0,133.0,25.0,165.0
104,50,Bangladesh,2021,7.0,163.0,31.0,201.0
105,51,Armenia,2004,7.0,27.0,1.0,35.0
106,51,Armenia,2010,6.0,29.0,1.0,36.0
107,51,Armenia,2015,9.0,31.0,71.0,111.0
108,51,Armenia,2018,9.0,33.0,73.0,115.0
109,51,Armenia,2019,9.0,34.0,76.0,119.0
110,51,Armenia,2020,9.0,34.0,76.0,119.0
111,51,Armenia,2021,8.0,32.0,76.0,116.0
112,52,Barbados,2004,0.0,18.0,2.0,20.0
113,52,Barbados,2010,10.0,24.0,2.0,36.0
114,52,Barbados,2015,11.0,37.0,3.0,51.0
115,52,Barbados,2018,11.0,43.0,3.0,57.0
116,52,Barbados,2019,11.0,44.0,3.0,58.0
117,52,Barbados,2020,11.0,48.0,3.0,62.0
118,52,Barbados,2021,11.0,59.0,4.0,74.0
119,56,Belgium,2004,11.0,25.0,0.0,36.0
120,56,Belgium,2010,11.0,15.0,1.0,27.0
121,56,Belgium,2015,14.0,16.0,0.0,30.0
122,56,Belgium,2018,15.0,23.0,1.0,39.0
123,56,Belgium,2019,15.0,23.0,17.0,55.0
124,56,Belgium,2020,15.0,25.0,26.0,66.0
125,56,Belgium,2021,16.0,28.0,26.0,70.0
126,60,Bermuda,2004,25.0,18.0,4.0,47.0
127,60,Bermuda,2010,28.0,18.0,4.0,50.0
128,60,Bermuda,2015,28.0,28.0,8.0,64.0
129,60,Bermuda,2018,28.0,36.0,8.0,72.0
130,60,Bermuda,2019,28.0,39.0,8.0,75.0
131,60,Bermuda,2020,30.0,42.0,8.0,80.0
132,60,Bermuda,2021,30.0,48.0,8.0,86.0
133,64,Bhutan,2004,1.0,40.0,7.0,48.0
134,64,Bhutan,2010,1.0,50.0,8.0,59.0
135,64,Bhutan,2015,1.0,52.0,18.0,71.0
136,64,Bhutan,2018,1.0,51.0,43.0,95.0
137,64,Bhutan,2019,1.0,55.0,43.0,99.0
138,64,Bhutan,2020,1.0,55.0,45.0,101.0
139,64,Bhutan,2021,1.0,58.0,51.0,110.0
140,68,Bolivia (Plurin. State of),2004,1.0,79.0,70.0,150.0
141,68,Bolivia (Plurin. State of),2010,1.0,90.0,72.0,163.0
142,68,Bolivia (Plurin. State of),2015,3.0,114.0,99.0,216.0
143,68,Bolivia (Plurin. State of),2018,3.0,129.0,104.0,236.0
144,68,Bolivia (Plurin. State of),2019,3.0,129.0,112.0,244.0
145,68,Bolivia (Plurin. State of),2020,3.0,131.0,162.0,296.0
146,68,Bolivia (Plurin. State of),2021,3.0,154.0,290.0,447.0
147,70,Bosnia and Herzegovina,2004,10.0,29.0,1.0,40.0
148,70,Bosnia and Herzegovina,2010,22.0,44.0,1.0,67.0
149,70,Bosnia and Herzegovina,2015,36.0,48.0,1.0,85.0
150,70,Bosnia and Herzegovina,2018,42.0,50.0,3.0,95.0
151,70,Bosnia and Herzegovina,2019,42.0,50.0,6.0,98.0
152,70,Bosnia and Herzegovina,2020,43.0,55.0,6.0,104.0
153,70,Bosnia and Herzegovina,2021,43.0,58.0,6.0,107.0
154,72,Botswana,2004,0.0,15.0,0.0,15.0
155,72,Botswana,2010,0.0,18.0,0.0,18.0
156,72,Botswana,2015,0.0,22.0,2.0,24.0
157,72,Botswana,2018,0.0,28.0,2.0,30.0
158,72,Botswana,2019,0.0,30.0,3.0,33.0
159,72,Botswana,2020,0.0,30.0,3.0,33.0
160,72,Botswana,2021,0.0,32.0,3.0,35.0
161,74,Bouvet Island,2004,0.0,1.0,0.0,1.0
162,74,Bouvet Island,2010,0.0,2.0,0.0,2.0
163,74,Bouvet Island,2015,0.0,3.0,0.0,3.0
164,74,Bouvet Island,2018,0.0,3.0,0.0,3.0
165,74,Bouvet Island,2019,0.0,3.0,0.0,3.0
166,74,Bouvet Island,2020,0.0,2.0,0.0,2.0
167,74,Bouvet Island,2021,0.0,2.0,0.0,2.0
168,76,Brazil,2004,34.0,282.0,381.0,697.0
169,76,Brazil,2010,45.0,341.0,387.0,773.0
170,76,Brazil,2015,54.0,396.0,516.0,966.0
171,76,Brazil,2018,55.0,407.0,538.0,1000.0
172,76,Brazil,2019,64.0,411.0,582.0,1057.0
173,76,Brazil,2020,66.0,416.0,596.0,1078.0
174,76,Brazil,2021,78.0,509.0,1118.0,1705.0
175,84,Belize,2004,1.0,36.0,30.0,67.0
176,84,Belize,2010,12.0,48.0,32.0,92.0
177,84,Belize,2015,12.0,70.0,35.0,117.0
178,84,Belize,2018,12.0,69.0,43.0,124.0
179,84,Belize,2019,12.0,73.0,46.0,131.0
180,84,Belize,2020,12.0,78.0,53.0,143.0
181,84,Belize,2021,12.0,93.0,69.0,174.0
182,86,British Indian Ocean Terr.,2004,0.0,6.0,1.0,7.0
183,86,British Indian Ocean Terr.,2010,65.0,10.0,1.0,76.0
184,86,British Indian Ocean Terr.,2015,69.0,11.0,1.0,81.0
185,86,British Indian Ocean Terr.,2018,69.0,15.0,1.0,85.0
186,86,British Indian Ocean Terr.,2019,69.0,18.0,1.0,88.0
187,86,British Indian Ocean Terr.,2020,69.0,21.0,1.0,91.0
188,86,British Indian Ocean Terr.,2021,70.0,25.0,0.0,95.0
189,90,Solomon Islands,2004,6.0,52.0,16.0,74.0
190,90,Solomon Islands,2010,141.0,63.0,16.0,220.0
191,90,Solomon Islands,2015,151.0,70.0,17.0,238.0
192,90,Solomon Islands,2018,151.0,75.0,16.0,242.0
193,90,Solomon Islands,2019,150.0,77.0,16.0,243.0
194,90,Solomon Islands,2020,150.0,82.0,24.0,256.0
195,90,Solomon Islands,2021,150.0,95.0,38.0,283.0
196,92,British Virgin Islands,2004,0.0,20.0,10.0,30.0
197,92,British Virgin Islands,2010,10.0,23.0,10.0,43.0
198,92,British Virgin Islands,2015,10.0,41.0,10.0,61.0
199,92,British Virgin Islands,2018,10.0,48.0,20.0,78.0
200,92,British Virgin Islands,2019,10.0,52.0,20.0,82.0
201,92,British Virgin Islands,2020,10.0,55.0,23.0,88.0
202,92,British Virgin Islands,2021,10.0,65.0,24.0,99.0
203,96,Brunei Darussalam,2004,0.0,49.0,99.0,148.0
204,96,Brunei Darussalam,2010,1.0,70.0,99.0,170.0
205,96,Brunei Darussalam,2015,8.0,77.0,104.0,189.0
206,96,Brunei Darussalam,2018,9.0,82.0,116.0,207.0
207,96,Brunei Darussalam,2019,12.0,93.0,131.0,236.0
208,96,Brunei Darussalam,2020,18.0,97.0,160.0,275.0
209,96,Brunei Darussalam,2021,18.0,130.0,169.0,317.0
210,100,Bulgaria,2004,9.0,35.0,0.0,44.0
211,100,Bulgaria,2010,27.0,39.0,0.0,66.0
212,100,Bulgaria,2015,37.0,42.0,6.0,85.0
213,100,Bulgaria,2018,57.0,49.0,9.0,115.0
214,100,Bulgaria,2019,57.0,49.0,18.0,124.0
215,100,Bulgaria,2020,57.0,49.0,21.0,127.0
216,100,Bulgaria,2021,56.0,50.0,21.0,127.0
217,104,Myanmar,2004,2.0,107.0,38.0,147.0
218,104,Myanmar,2010,64.0,143.0,42.0,249.0
219,104,Myanmar,2015,77.0,163.0,61.0,301.0
220,104,Myanmar,2018,77.0,187.0,61.0,325.0
221,104,Myanmar,2019,77.0,197.0,63.0,337.0
222,104,Myanmar,2020,77.0,200.0,80.0,357.0
223,104,Myanmar,2021,77.0,235.0,96.0,408.0
224,108,Burundi,2004,4.0,22.0,2.0,28.0
225,108,Burundi,2010,7.0,43.0,2.0,52.0
226,108,Burundi,2015,7.0,45.0,8.0,60.0
227,108,Burundi,2018,7.0,46.0,89.0,142.0
228,108,Burundi,2019,6.0,46.0,110.0,162.0
229,108,Burundi,2020,6.0,48.0,134.0,188.0
230,108,Burundi,2021,6.0,51.0,137.0,194.0
231,112,Belarus,2004,8.0,10.0,0.0,18.0
232,112,Belarus,2010,6.0,10.0,0.0,16.0
233,112,Belarus,2015,9.0,11.0,1.0,21.0
234,112,Belarus,2018,10.0,15.0,1.0,26.0
235,112,Belarus,2019,10.0,15.0,3.0,28.0
236,112,Belarus,2020,10.0,15.0,5.0,30.0
237,112,Belarus,2021,11.0,15.0,5.0,31.0
238,116,Cambodia,2004,0.0,72.0,31.0,103.0
239,116,Cambodia,2010,67.0,107.0,30.0,204.0
240,116,Cambodia,2015,77.0,130.0,36.0,243.0
241,116,Cambodia,2018,79.0,145.0,37.0,261.0
242,116,Cambodia,2019,79.0,154.0,39.0,272.0
243,116,Cambodia,2020,79.0,160.0,41.0,280.0
244,116,Cambodia,2021,79.0,182.0,45.0,306.0
245,120,Cameroon,2004,4.0,146.0,334.0,484.0
246,120,Cameroon,2010,24.0,222.0,378.0,624.0
247,120,Cameroon,2015,27.0,237.0,433.0,697.0
248,120,Cameroon,2018,25.0,263.0,544.0,832.0
249,120,Cameroon,2019,25.0,268.0,559.0,852.0
250,120,Cameroon,2020,26.0,272.0,592.0,890.0
251,120,Cameroon,2021,28.0,285.0,704.0,1017.0
252,124,Canada,2004,11.0,62.0,1.0,74.0
253,124,Canada,2010,12.0,63.0,2.0,77.0
254,124,Canada,2015,22.0,68.0,7.0,97.0
255,124,Canada,2018,37.0,86.0,25.0,148.0
256,124,Canada,2019,38.0,93.0,37.0,168.0
257,124,Canada,2020,38.0,95.0,40.0,173.0
258,124,Canada,2021,39.0,95.0,46.0,180.0
259,132,Cabo Verde,2004,0.0,21.0,2.0,23.0
260,132,Cabo Verde,2010,0.0,28.0,3.0,31.0
261,132,Cabo Verde,2015,13.0,35.0,3.0,51.0
262,132,Cabo Verde,2018,13.0,51.0,51.0,115.0
263,132,Cabo Verde,2019,13.0,53.0,51.0,117.0
264,132,Cabo Verde,2020,13.0,55.0,51.0,119.0
265,132,Cabo Verde,2021,13.0,59.0,51.0,123.0
266,136,Cayman Islands,2004,1.0,16.0,2.0,19.0
267,136,Cayman Islands,2010,11.0,21.0,2.0,34.0
268,136,Cayman Islands,2015,11.0,38.0,22.0,71.0
269,136,Cayman Islands,2018,11.0,41.0,22.0,74.0
270,136,Cayman Islands,2019,11.0,45.0,23.0,79.0
271,136,Cayman Islands,2020,13.0,47.0,23.0,83.0
272,136,Cayman Islands,2021,14.0,56.0,23.0,93.0
273,140,Central African Republic,2004,0.0,15.0,15.0,30.0
274,140,Central African Republic,2010,0.0,19.0,17.0,36.0
275,140,Central African Republic,2015,0.0,32.0,22.0,54.0
276,140,Central African Republic,2018,0.0,38.0,25.0,63.0
277,140,Central African Republic,2019,0.0,40.0,26.0,66.0
278,140,Central African Republic,2020,0.0,44.0,29.0,73.0
279,140,Central African Republic,2021,2.0,46.0,35.0,83.0
280,144,Sri Lanka,2004,2.0,112.0,280.0,394.0
281,144,Sri Lanka,2010,120.0,149.0,283.0,552.0
282,144,Sri Lanka,2015,130.0,159.0,291.0,580.0
283,144,Sri Lanka,2018,130.0,172.0,294.0,596.0
284,144,Sri Lanka,2019,129.0,175.0,298.0,602.0
285,144,Sri Lanka,2020,130.0,213.0,298.0,641.0
286,144,Sri Lanka,2021,129.0,253.0,298.0,680.0
287,148,Chad,2004,1.0,18.0,2.0,21.0
288,148,Chad,2010,4.0,24.0,2.0,30.0
289,148,Chad,2015,4.0,29.0,5.0,38.0
290,148,Chad,2018,4.0,36.0,6.0,46.0
291,148,Chad,2019,4.0,38.0,6.0,48.0
292,148,Chad,2020,4.0,38.0,6.0,48.0
293,148,Chad,2021,6.0,39.0,7.0,52.0
294,152,Chile,2004,0.0,83.0,40.0,123.0
295,152,Chile,2010,9.0,95.0,41.0,145.0
296,152,Chile,2015,12.0,98.0,72.0,182.0
297,152,Chile,2018,13.0,132.0,72.0,217.0
298,152,Chile,2019,13.0,135.0,76.0,224.0
299,152,Chile,2020,13.0,140.0,87.0,240.0
300,152,Chile,2021,14.0,154.0,107.0,275.0
301,156,China,2004,4.0,326.0,443.0,773.0
302,156,China,2010,32.0,374.0,453.0,859.0
303,156,China,2015,76.0,420.0,544.0,1040.0
304,156,China,2018,76.0,431.0,588.0,1095.0
305,156,China,2019,79.0,441.0,604.0,1124.0
306,156,China,2020,84.0,451.0,637.0,1172.0
307,156,China,2021,85.0,544.0,679.0,1308.0
308,158,Other non-specified areas,2004,0.0,79.0,78.0,157.0
309,158,Other non-specified areas,2010,122.0,104.0,78.0,304.0
310,158,Other non-specified areas,2015,128.0,114.0,83.0,325.0
311,158,Other non-specified areas,2018,128.0,129.0,85.0,342.0
312,158,Other non-specified areas,2019,129.0,134.0,87.0,350.0
313,158,Other non-specified areas,2020,129.0,144.0,89.0,362.0
314,158,Other non-specified areas,2021,130.0,189.0,90.0,409.0
315,162,Christmas Island,2004,0.0,12.0,1.0,13.0
316,162,Christmas Island,2010,16.0,16.0,1.0,33.0
317,162,Christmas Island,2015,18.0,18.0,1.0,37.0
318,162,Christmas Island,2018,19.0,18.0,1.0,38.0
319,162,Christmas Island,2019,19.0,22.0,1.0,42.0
320,162,Christmas Island,2020,19.0,26.0,1.0,46.0
321,162,Christmas Island,2021,20.0,29.0,2.0,51.0
322,166,Cocos (Keeling) Islands,2004,0.0,5.0,0.0,5.0
323,166,Cocos (Keeling) Islands,2010,17.0,11.0,0.0,28.0
324,166,Cocos (Keeling) Islands,2015,20.0,11.0,0.0,31.0
325,166,Cocos (Keeling) Islands,2018,20.0,13.0,0.0,33.0
326,166,Cocos (Keeling) Islands,2019,20.0,17.0,0.0,37.0
327,166,Cocos (Keeling) Islands,2020,20.0,20.0,0.0,40.0
328,166,Cocos (Keeling) Islands,2021,21.0,26.0,0.0,47.0
329,170,Colombia,2004,0.0,371.0,222.0,593.0
330,170,Colombia,2010,30.0,424.0,227.0,681.0
331,170,Colombia,2015,33.0,473.0,245.0,751.0
332,170,Colombia,2018,53.0,537.0,261.0,851.0
333,170,Colombia,2019,55.0,581.0,280.0,916.0
334,170,Colombia,2020,56.0,615.0,354.0,1025.0
335,170,Colombia,2021,63.0,666.0,726.0,1455.0
336,174,Comoros,2004,4.0,18.0,5.0,27.0
337,174,Comoros,2010,63.0,21.0,5.0,89.0
338,174,Comoros,2015,73.0,26.0,7.0,106.0
339,174,Comoros,2018,76.0,34.0,9.0,119.0
340,174,Comoros,2019,77.0,37.0,9.0,123.0
341,174,Comoros,2020,77.0,41.0,9.0,127.0
342,174,Comoros,2021,77.0,46.0,13.0,136.0
343,175,Mayotte,2004,1.0,6.0,0.0,7.0
344,175,Mayotte,2010,60.0,9.0,0.0,69.0
345,175,Mayotte,2015,69.0,15.0,0.0,84.0
346,175,Mayotte,2018,70.0,19.0,3.0,92.0
347,175,Mayotte,2019,72.0,22.0,4.0,98.0
348,175,Mayotte,2020,72.0,26.0,4.0,102.0
349,175,Mayotte,2021,72.0,31.0,10.0,113.0
350,178,Congo,2004,1.0,29.0,35.0,65.0
351,178,Congo,2010,5.0,61.0,37.0,103.0
352,178,Congo,2015,7.0,71.0,41.0,119.0
353,178,Congo,2018,7.0,86.0,47.0,140.0
354,178,Congo,2019,7.0,86.0,47.0,140.0
355,178,Congo,2020,7.0,92.0,56.0,155.0
356,178,Congo,2021,7.0,101.0,73.0,181.0
357,180,Dem. Rep. of the Congo,2004,22.0,84.0,65.0,171.0
358,180,Dem. Rep. of the Congo,2010,51.0,162.0,83.0,296.0
359,180,Dem. Rep. of the Congo,2015,53.0,171.0,109.0,333.0
360,180,Dem. Rep. of the Congo,2018,55.0,187.0,148.0,390.0
361,180,Dem. Rep. of the Congo,2019,54.0,188.0,185.0,427.0
362,180,Dem. Rep. of the Congo,2020,54.0,203.0,240.0,497.0
363,180,Dem. Rep. of the Congo,2021,54.0,222.0,295.0,571.0
364,184,Cook Islands,2004,0.0,22.0,1.0,23.0
365,184,Cook Islands,2010,25.0,27.0,1.0,53.0
366,184,Cook Islands,2015,32.0,30.0,11.0,73.0
367,184,Cook Islands,2018,32.0,32.0,11.0,75.0
368,184,Cook Islands,2019,32.0,32.0,11.0,75.0
369,184,Cook Islands,2020,32.0,34.0,11.0,77.0
370,184,Cook Islands,2021,33.0,36.0,13.0,82.0
371,188,Costa Rica,2004,9.0,112.0,110.0,231.0
372,188,Costa Rica,2010,27.0,142.0,116.0,285.0
373,188,Costa Rica,2015,30.0,162.0,131.0,323.0
374,188,Costa Rica,2018,31.0,171.0,144.0,346.0
375,188,Costa Rica,2019,31.0,176.0,144.0,351.0
376,188,Costa Rica,2020,31.0,181.0,151.0,363.0
377,188,Costa Rica,2021,33.0,249.0,235.0,517.0
378,191,Croatia,2004,11.0,46.0,0.0,57.0
379,191,Croatia,2010,21.0,77.0,3.0,101.0
380,191,Croatia,2015,67.0,84.0,8.0,159.0
381,191,Croatia,2018,79.0,93.0,9.0,181.0
382,191,Croatia,2019,79.0,93.0,25.0,197.0
383,191,Croatia,2020,80.0,97.0,35.0,212.0
384,191,Croatia,2021,80.0,104.0,35.0,219.0
385,192,Cuba,2004,3.0,106.0,163.0,272.0
386,192,Cuba,2010,15.0,123.0,166.0,304.0
387,192,Cuba,2015,23.0,138.0,176.0,337.0
388,192,Cuba,2018,23.0,146.0,179.0,348.0
389,192,Cuba,2019,23.0,151.0,180.0,354.0
390,192,Cuba,2020,23.0,155.0,179.0,357.0
391,192,Cuba,2021,23.0,177.0,188.0,388.0
392,196,Cyprus,2004,0.0,24.0,1.0,25.0
393,196,Cyprus,2010,4.0,31.0,8.0,43.0
394,196,Cyprus,2015,8.0,34.0,18.0,60.0
395,196,Cyprus,2018,15.0,42.0,21.0,78.0
396,196,Cyprus,2019,15.0,44.0,24.0,83.0
397,196,Cyprus,2020,16.0,44.0,24.0,84.0
398,196,Cyprus,2021,16.0,52.0,24.0,92.0
399,203,Czechia,2004,19.0,22.0,4.0,45.0
400,203,Czechia,2010,19.0,10.0,4.0,33.0
401,203,Czechia,2015,24.0,11.0,10.0,45.0
402,203,Czechia,2018,29.0,14.0,31.0,74.0
403,203,Czechia,2019,29.0,14.0,51.0,94.0
404,203,Czechia,2020,29.0,14.0,61.0,104.0
405,203,Czechia,2021,29.0,15.0,62.0,106.0
406,204,Benin,2004,0.0,17.0,14.0,31.0
407,204,Benin,2010,1.0,47.0,14.0,62.0
408,204,Benin,2015,3.0,55.0,16.0,74.0
409,204,Benin,2018,3.0,70.0,19.0,92.0
410,204,Benin,2019,3.0,77.0,21.0,101.0
411,204,Benin,2020,3.0,82.0,21.0,106.0
412,204,Benin,2021,4.0,94.0,16.0,114.0
413,208,Denmark,2004,11.0,21.0,3.0,35.0
414,208,Denmark,2010,12.0,18.0,3.0,33.0
415,208,Denmark,2015,15.0,20.0,1.0,36.0
416,208,Denmark,2018,16.0,29.0,4.0,49.0
417,208,Denmark,2019,16.0,30.0,21.0,67.0
418,208,Denmark,2020,16.0,31.0,30.0,77.0
419,208,Denmark,2021,17.0,34.0,31.0,82.0
420,212,Dominica,2004,0.0,22.0,11.0,33.0
421,212,Dominica,2010,11.0,27.0,10.0,48.0
422,212,Dominica,2015,11.0,40.0,11.0,62.0
423,212,Dominica,2018,11.0,44.0,11.0,66.0
424,212,Dominica,2019,11.0,47.0,12.0,70.0
425,212,Dominica,2020,11.0,51.0,12.0,74.0
426,212,Dominica,2021,11.0,62.0,15.0,88.0
427,214,Dominican Republic,2004,2.0,72.0,30.0,104.0
428,214,Dominican Republic,2010,16.0,80.0,30.0,126.0
429,214,Dominican Republic,2015,16.0,95.0,42.0,153.0
430,214,Dominican Republic,2018,16.0,130.0,45.0,191.0
431,214,Dominican Republic,2019,18.0,133.0,49.0,200.0
432,214,Dominican Republic,2020,19.0,136.0,48.0,203.0
433,214,Dominican Republic,2021,19.0,152.0,80.0,251.0
434,218,Ecuador,2004,48.0,288.0,1815.0,2151.0
435,218,Ecuador,2010,62.0,356.0,1837.0,2255.0
436,218,Ecuador,2015,65.0,395.0,1848.0,2308.0
437,218,Ecuador,2018,70.0,434.0,1864.0,2368.0
438,218,Ecuador,2019,70.0,441.0,1882.0,2393.0
439,218,Ecuador,2020,70.0,470.0,1961.0,2501.0
440,218,Ecuador,2021,76.0,501.0,1991.0,2568.0
441,222,El Salvador,2004,1.0,23.0,25.0,49.0
442,222,El Salvador,2010,6.0,39.0,27.0,72.0
443,222,El Salvador,2015,7.0,47.0,29.0,83.0
444,222,El Salvador,2018,10.0,47.0,30.0,87.0
445,222,El Salvador,2019,10.0,50.0,33.0,93.0
446,222,El Salvador,2020,10.0,55.0,42.0,107.0
447,222,El Salvador,2021,10.0,79.0,54.0,143.0
448,226,Equatorial Guinea,2004,2.0,38.0,61.0,101.0
449,226,Equatorial Guinea,2010,2.0,60.0,68.0,130.0
450,226,Equatorial Guinea,2015,5.0,71.0,79.0,155.0
451,226,Equatorial Guinea,2018,4.0,86.0,95.0,185.0
452,226,Equatorial Guinea,2019,4.0,88.0,98.0,190.0
453,226,Equatorial Guinea,2020,4.0,94.0,107.0,205.0
454,226,Equatorial Guinea,2021,4.0,110.0,120.0,234.0
455,231,Ethiopia,2004,6.0,65.0,22.0,93.0
456,231,Ethiopia,2010,15.0,79.0,26.0,120.0
457,231,Ethiopia,2015,15.0,89.0,41.0,145.0
458,231,Ethiopia,2018,15.0,95.0,47.0,157.0
459,231,Ethiopia,2019,15.0,99.0,64.0,178.0
460,231,Ethiopia,2020,15.0,101.0,64.0,180.0
461,231,Ethiopia,2021,15.0,103.0,65.0,183.0
462,232,Eritrea,2004,0.0,31.0,3.0,34.0
463,232,Eritrea,2010,50.0,44.0,3.0,97.0
464,232,Eritrea,2015,58.0,51.0,4.0,113.0
465,232,Eritrea,2018,58.0,67.0,5.0,130.0
466,232,Eritrea,2019,58.0,74.0,6.0,138.0
467,232,Eritrea,2020,58.0,79.0,6.0,143.0
468,232,Eritrea,2021,58.0,90.0,6.0,154.0
469,233,Estonia,2004,4.0,8.0,0.0,12.0
470,233,Estonia,2010,3.0,8.0,0.0,11.0
471,233,Estonia,2015,6.0,11.0,0.0,17.0
472,233,Estonia,2018,7.0,15.0,2.0,24.0
473,233,Estonia,2019,7.0,15.0,17.0,39.0
474,233,Estonia,2020,7.0,15.0,26.0,48.0
475,233,Estonia,2021,8.0,15.0,27.0,50.0
476,234,Faroe Islands,2004,0.0,11.0,0.0,11.0
477,234,Faroe Islands,2010,0.0,13.0,0.0,13.0
478,234,Faroe Islands,2015,0.0,14.0,0.0,14.0
479,234,Faroe Islands,2018,0.0,22.0,1.0,23.0
480,234,Faroe Islands,2019,0.0,23.0,4.0,27.0
481,234,Faroe Islands,2020,0.0,24.0,5.0,29.0
482,234,Faroe Islands,2021,0.0,27.0,5.0,32.0
483,238,Falkland Islands (Malvinas),2004,0.0,21.0,5.0,26.0
484,238,Falkland Islands (Malvinas),2010,0.0,18.0,5.0,23.0
485,238,Falkland Islands (Malvinas),2015,0.0,18.0,5.0,23.0
486,238,Falkland Islands (Malvinas),2018,0.0,17.0,5.0,22.0
487,238,Falkland Islands (Malvinas),2019,0.0,17.0,6.0,23.0
488,238,Falkland Islands (Malvinas),2020,0.0,18.0,6.0,24.0
489,238,Falkland Islands (Malvinas),2021,0.0,19.0,11.0,30.0
490,239,South Georgia & Sandwich Is.,2004,0.0,12.0,0.0,12.0
491,239,South Georgia & Sandwich Is.,2010,0.0,10.0,0.0,10.0
492,239,South Georgia & Sandwich Is.,2015,0.0,9.0,0.0,9.0
493,239,South Georgia & Sandwich Is.,2018,0.0,9.0,0.0,9.0
494,239,South Georgia & Sandwich Is.,2019,0.0,9.0,0.0,9.0
495,239,South Georgia & Sandwich Is.,2020,0.0,9.0,0.0,9.0
496,239,South Georgia & Sandwich Is.,2021,0.0,9.0,0.0,9.0
497,242,Fiji,2004,2.0,33.0,66.0,101.0
498,242,Fiji,2010,90.0,37.0,65.0,192.0
499,242,Fiji,2015,165.0,48.0,65.0,278.0
500,242,Fiji,2018,165.0,55.0,78.0,298.0
501,242,Fiji,2019,165.0,57.0,78.0,300.0
502,242,Fiji,2020,172.0,62.0,87.0,321.0
503,242,Fiji,2021,182.0,66.0,90.0,338.0
504,246,Finland,2004,10.0,14.0,1.0,25.0
505,246,Finland,2010,7.0,10.0,1.0,18.0
506,246,Finland,2015,10.0,13.0,2.0,25.0
507,246,Finland,2018,10.0,19.0,8.0,37.0
508,246,Finland,2019,10.0,19.0,21.0,50.0
509,246,Finland,2020,10.0,19.0,32.0,61.0
510,246,Finland,2021,10.0,19.0,33.0,62.0
511,248,Åland Islands,2020,0.0,0.0,1.0,1.0
512,248,Åland Islands,2021,0.0,0.0,1.0,1.0
513,250,France,2004,65.0,53.0,2.0,120.0
514,250,France,2010,91.0,62.0,15.0,168.0
515,250,France,2015,133.0,70.0,33.0,236.0
516,250,France,2018,160.0,84.0,55.0,299.0
517,250,France,2019,160.0,84.0,98.0,342.0
518,250,France,2020,162.0,88.0,116.0,366.0
519,250,France,2021,160.0,103.0,119.0,382.0
520,254,French Guiana,2004,0.0,33.0,16.0,49.0
521,254,French Guiana,2010,0.0,40.0,16.0,56.0
522,254,French Guiana,2015,0.0,51.0,16.0,67.0
523,254,French Guiana,2018,0.0,56.0,18.0,74.0
524,254,French Guiana,2019,0.0,59.0,18.0,77.0
525,254,French Guiana,2020,0.0,59.0,20.0,79.0
526,254,French Guiana,2021,1.0,83.0,24.0,108.0
527,258,French Polynesia,2004,29.0,46.0,47.0,122.0
528,258,French Polynesia,2010,59.0,54.0,47.0,160.0
529,258,French Polynesia,2015,65.0,63.0,47.0,175.0
530,258,French Polynesia,2018,62.0,66.0,48.0,176.0
531,258,French Polynesia,2019,62.0,67.0,48.0,177.0
532,258,French Polynesia,2020,65.0,68.0,48.0,181.0
533,258,French Polynesia,2021,66.0,73.0,56.0,195.0
534,260,French Southern Territories,2004,0.0,17.0,0.0,17.0
535,260,French Southern Territories,2010,0.0,21.0,0.0,21.0
536,260,French Southern Territories,2015,0.0,22.0,0.0,22.0
537,260,French Southern Territories,2018,0.0,25.0,0.0,25.0
538,260,French Southern Territories,2019,0.0,28.0,1.0,29.0
539,260,French Southern Territories,2020,0.0,28.0,1.0,29.0
540,260,French Southern Territories,2021,0.0,29.0,2.0,31.0
541,262,Djibouti,2004,0.0,19.0,2.0,21.0
542,262,Djibouti,2010,50.0,29.0,2.0,81.0
543,262,Djibouti,2015,57.0,34.0,3.0,94.0
544,262,Djibouti,2018,57.0,43.0,3.0,103.0
545,262,Djibouti,2019,57.0,49.0,3.0,109.0
546,262,Djibouti,2020,57.0,50.0,3.0,110.0
547,262,Djibouti,2021,57.0,58.0,3.0,118.0
548,266,Gabon,2004,1.0,31.0,107.0,139.0
549,266,Gabon,2010,0.0,84.0,120.0,204.0
550,266,Gabon,2015,3.0,93.0,135.0,231.0
551,266,Gabon,2018,4.0,107.0,172.0,283.0
552,266,Gabon,2019,4.0,106.0,181.0,291.0
553,266,Gabon,2020,4.0,110.0,215.0,329.0
554,266,Gabon,2021,4.0,121.0,334.0,459.0
555,268,Georgia,2004,10.0,33.0,0.0,43.0
556,268,Georgia,2010,9.0,37.0,0.0,46.0
557,268,Georgia,2015,15.0,38.0,61.0,114.0
558,268,Georgia,2018,15.0,42.0,63.0,120.0
559,268,Georgia,2019,15.0,42.0,68.0,125.0
560,268,Georgia,2020,15.0,42.0,69.0,126.0
561,268,Georgia,2021,14.0,41.0,69.0,124.0
562,270,Gambia,2004,0.0,17.0,4.0,21.0
563,270,Gambia,2010,0.0,39.0,4.0,43.0
564,270,Gambia,2015,2.0,48.0,5.0,55.0
565,270,Gambia,2018,2.0,63.0,5.0,70.0
566,270,Gambia,2019,2.0,68.0,6.0,76.0
567,270,Gambia,2020,2.0,78.0,7.0,87.0
568,270,Gambia,2021,3.0,95.0,6.0,104.0
569,275,State of Palestine,2004,0.0,4.0,0.0,4.0
570,275,State of Palestine,2010,2.0,16.0,0.0,18.0
571,275,State of Palestine,2015,4.0,20.0,0.0,24.0
572,275,State of Palestine,2018,4.0,26.0,6.0,36.0
573,275,State of Palestine,2019,4.0,25.0,10.0,39.0
574,275,State of Palestine,2020,4.0,25.0,10.0,39.0
575,275,State of Palestine,2021,3.0,31.0,11.0,45.0
576,276,Germany,2004,31.0,35.0,12.0,78.0
577,276,Germany,2010,34.0,33.0,12.0,79.0
578,276,Germany,2015,57.0,33.0,17.0,107.0
579,276,Germany,2018,61.0,40.0,43.0,144.0
580,276,Germany,2019,61.0,41.0,83.0,185.0
581,276,Germany,2020,61.0,42.0,97.0,200.0
582,276,Germany,2021,61.0,46.0,98.0,205.0
583,288,Ghana,2004,0.0,43.0,117.0,160.0
584,288,Ghana,2010,1.0,83.0,118.0,202.0
585,288,Ghana,2015,5.0,99.0,119.0,223.0
586,288,Ghana,2018,5.0,118.0,118.0,241.0
587,288,Ghana,2019,5.0,120.0,121.0,246.0
588,288,Ghana,2020,5.0,128.0,122.0,255.0
589,288,Ghana,2021,12.0,135.0,124.0,271.0
590,292,Gibraltar,2004,2.0,16.0,0.0,18.0
591,292,Gibraltar,2010,2.0,20.0,0.0,22.0
592,292,Gibraltar,2015,5.0,21.0,0.0,26.0
593,292,Gibraltar,2018,5.0,28.0,1.0,34.0
594,292,Gibraltar,2019,5.0,27.0,1.0,33.0
595,292,Gibraltar,2020,6.0,29.0,1.0,36.0
596,292,Gibraltar,2021,6.0,40.0,1.0,47.0
597,296,Kiribati,2004,1.0,10.0,0.0,11.0
598,296,Kiribati,2010,73.0,17.0,0.0,90.0
599,296,Kiribati,2015,81.0,19.0,0.0,100.0
600,296,Kiribati,2018,81.0,23.0,0.0,104.0
601,296,Kiribati,2019,81.0,24.0,0.0,105.0
602,296,Kiribati,2020,81.0,27.0,0.0,108.0
603,296,Kiribati,2021,82.0,31.0,0.0,113.0
604,300,Greece,2004,11.0,62.0,2.0,75.0
605,300,Greece,2010,36.0,107.0,13.0,156.0
606,300,Greece,2015,122.0,111.0,58.0,291.0
607,300,Greece,2018,308.0,123.0,71.0,502.0
608,300,Greece,2019,308.0,124.0,80.0,512.0
609,300,Greece,2020,309.0,127.0,84.0,520.0
610,300,Greece,2021,308.0,135.0,84.0,527.0
611,304,Greenland,2004,0.0,11.0,1.0,12.0
612,304,Greenland,2010,0.0,13.0,1.0,14.0
613,304,Greenland,2015,0.0,16.0,1.0,17.0
614,304,Greenland,2018,0.0,24.0,1.0,25.0
615,304,Greenland,2019,0.0,24.0,1.0,25.0
616,304,Greenland,2020,0.0,24.0,3.0,27.0
617,304,Greenland,2021,0.0,27.0,3.0,30.0
618,308,Grenada,2004,0.0,20.0,3.0,23.0
619,308,Grenada,2010,10.0,24.0,3.0,37.0
620,308,Grenada,2015,10.0,38.0,3.0,51.0
621,308,Grenada,2018,10.0,42.0,3.0,55.0
622,308,Grenada,2019,10.0,43.0,3.0,56.0
623,308,Grenada,2020,10.0,47.0,3.0,60.0
624,308,Grenada,2021,10.0,60.0,6.0,76.0
625,312,Guadeloupe,2004,1.0,25.0,7.0,33.0
626,312,Guadeloupe,2010,16.0,30.0,8.0,54.0
627,312,Guadeloupe,2015,16.0,45.0,9.0,70.0
628,312,Guadeloupe,2018,16.0,50.0,9.0,75.0
629,312,Guadeloupe,2019,16.0,53.0,10.0,79.0
630,312,Guadeloupe,2020,16.0,57.0,10.0,83.0
631,312,Guadeloupe,2021,16.0,67.0,12.0,95.0
632,316,Guam,2004,5.0,16.0,3.0,24.0
633,316,Guam,2010,6.0,24.0,4.0,34.0
634,316,Guam,2015,60.0,31.0,4.0,95.0
635,316,Guam,2018,60.0,35.0,4.0,99.0
636,316,Guam,2019,60.0,38.0,5.0,103.0
637,316,Guam,2020,60.0,42.0,5.0,107.0
638,316,Guam,2021,61.0,45.0,5.0,111.0
639,320,Guatemala,2004,8.0,115.0,85.0,208.0
640,320,Guatemala,2010,8.0,140.0,82.0,230.0
641,320,Guatemala,2015,9.0,176.0,97.0,282.0
642,320,Guatemala,2018,13.0,175.0,113.0,301.0
643,320,Guatemala,2019,13.0,185.0,123.0,321.0
644,320,Guatemala,2020,13.0,189.0,150.0,352.0
645,320,Guatemala,2021,13.0,254.0,269.0,536.0
646,324,Guinea,2004,3.0,42.0,22.0,67.0
647,324,Guinea,2010,5.0,107.0,22.0,134.0
648,324,Guinea,2015,7.0,122.0,34.0,163.0
649,324,Guinea,2018,8.0,138.0,69.0,215.0
650,324,Guinea,2019,8.0,144.0,175.0,327.0
651,324,Guinea,2020,8.0,168.0,189.0,365.0
652,324,Guinea,2021,11.0,175.0,194.0,380.0
653,328,Guyana,2004,1.0,41.0,23.0,65.0
654,328,Guyana,2010,1.0,46.0,22.0,69.0
655,328,Guyana,2015,1.0,63.0,23.0,87.0
656,328,Guyana,2018,1.0,73.0,26.0,100.0
657,328,Guyana,2019,1.0,83.0,33.0,117.0
658,328,Guyana,2020,1.0,86.0,35.0,122.0
659,328,Guyana,2021,1.0,112.0,39.0,152.0
660,332,Haiti,2004,2.0,86.0,28.0,116.0
661,332,Haiti,2010,14.0,94.0,29.0,137.0
662,332,Haiti,2015,14.0,113.0,42.0,169.0
663,332,Haiti,2018,14.0,153.0,80.0,247.0
664,332,Haiti,2019,14.0,155.0,94.0,263.0
665,332,Haiti,2020,14.0,161.0,94.0,269.0
666,332,Haiti,2021,14.0,186.0,208.0,408.0
667,334,Heard Is. and McDonald Is.,2004,0.0,12.0,0.0,12.0
668,334,Heard Is. and McDonald Is.,2010,0.0,12.0,0.0,12.0
669,334,Heard Is. and McDonald Is.,2015,0.0,12.0,0.0,12.0
670,334,Heard Is. and McDonald Is.,2018,0.0,12.0,0.0,12.0
671,334,Heard Is. and McDonald Is.,2019,0.0,12.0,0.0,12.0
672,334,Heard Is. and McDonald Is.,2020,0.0,12.0,0.0,12.0
673,334,Heard Is. and McDonald Is.,2021,0.0,13.0,0.0,13.0
674,336,Holy See,2010,0.0,1.0,0.0,1.0
675,336,Holy See,2015,0.0,1.0,0.0,1.0
676,336,Holy See,2018,0.0,1.0,0.0,1.0
677,336,Holy See,2019,0.0,1.0,0.0,1.0
678,336,Holy See,2020,0.0,1.0,0.0,1.0
679,336,Holy See,2021,0.0,2.0,0.0,2.0
680,340,Honduras,2004,2.0,93.0,111.0,206.0
681,340,Honduras,2010,17.0,110.0,113.0,240.0
682,340,Honduras,2015,18.0,156.0,120.0,294.0
683,340,Honduras,2018,21.0,157.0,131.0,309.0
684,340,Honduras,2019,21.0,163.0,134.0,318.0
685,340,Honduras,2020,21.0,181.0,140.0,342.0
686,340,Honduras,2021,21.0,233.0,155.0,409.0
687,344,"China, Hong Kong SAR",2004,1.0,32.0,6.0,39.0
688,344,"China, Hong Kong SAR",2010,6.0,37.0,6.0,49.0
689,344,"China, Hong Kong SAR",2015,8.0,45.0,7.0,60.0
690,344,"China, Hong Kong SAR",2018,8.0,49.0,8.0,65.0
691,344,"China, Hong Kong SAR",2019,9.0,51.0,10.0,70.0
692,344,"China, Hong Kong SAR",2020,9.0,63.0,11.0,83.0
693,344,"China, Hong Kong SAR",2021,10.0,68.0,14.0,92.0
694,348,Hungary,2004,25.0,25.0,1.0,51.0
695,348,Hungary,2010,26.0,20.0,1.0,47.0
696,348,Hungary,2015,35.0,22.0,10.0,67.0
697,348,Hungary,2018,34.0,26.0,45.0,105.0
698,348,Hungary,2019,33.0,27.0,59.0,119.0
699,348,Hungary,2020,33.0,27.0,63.0,123.0
700,348,Hungary,2021,33.0,30.0,63.0,126.0
701,352,Iceland,2004,0.0,15.0,0.0,15.0
702,352,Iceland,2010,0.0,17.0,0.0,17.0
703,352,Iceland,2015,0.0,21.0,0.0,21.0
704,352,Iceland,2018,0.0,29.0,0.0,29.0
705,352,Iceland,2019,0.0,29.0,2.0,31.0
706,352,Iceland,2020,0.0,30.0,6.0,36.0
707,352,Iceland,2021,0.0,32.0,6.0,38.0
708,356,India,2004,23.0,283.0,246.0,552.0
709,356,India,2010,113.0,390.0,255.0,758.0
710,356,India,2015,135.0,520.0,384.0,1039.0
711,356,India,2018,135.0,540.0,392.0,1067.0
712,356,India,2019,136.0,546.0,399.0,1081.0
713,356,India,2020,138.0,550.0,430.0,1118.0
714,356,India,2021,139.0,594.0,460.0,1193.0
715,360,Indonesia,2004,31.0,419.0,383.0,833.0
716,360,Indonesia,2010,246.0,503.0,393.0,1142.0
717,360,Indonesia,2015,290.0,530.0,426.0,1246.0
718,360,Indonesia,2018,287.0,572.0,436.0,1295.0
719,360,Indonesia,2019,336.0,627.0,509.0,1472.0
720,360,Indonesia,2020,364.0,663.0,627.0,1654.0
721,360,Indonesia,2021,366.0,805.0,817.0,1988.0
722,364,Iran (Islamic Republic of),2004,3.0,65.0,1.0,69.0
723,364,Iran (Islamic Republic of),2010,19.0,82.0,1.0,102.0
724,364,Iran (Islamic Republic of),2015,24.0,94.0,3.0,121.0
725,364,Iran (Islamic Republic of),2018,24.0,111.0,5.0,140.0
726,364,Iran (Islamic Republic of),2019,24.0,118.0,10.0,152.0
727,364,Iran (Islamic Republic of),2020,24.0,125.0,12.0,161.0
728,364,Iran (Islamic Republic of),2021,23.0,138.0,14.0,175.0
729,368,Iraq,2004,2.0,33.0,0.0,35.0
730,368,Iraq,2010,15.0,45.0,0.0,60.0
731,368,Iraq,2015,17.0,51.0,1.0,69.0
732,368,Iraq,2018,17.0,54.0,2.0,73.0
733,368,Iraq,2019,17.0,58.0,3.0,78.0
734,368,Iraq,2020,17.0,59.0,4.0,80.0
735,368,Iraq,2021,16.0,68.0,4.0,88.0
736,372,Ireland,2004,3.0,18.0,1.0,22.0
737,372,Ireland,2010,2.0,24.0,1.0,27.0
738,372,Ireland,2015,6.0,32.0,1.0,39.0
739,372,Ireland,2018,6.0,42.0,5.0,53.0
740,372,Ireland,2019,6.0,44.0,21.0,71.0
741,372,Ireland,2020,6.0,46.0,27.0,79.0
742,372,Ireland,2021,6.0,51.0,27.0,84.0
743,376,Israel,2004,10.0,47.0,0.0,57.0
744,376,Israel,2010,58.0,73.0,0.0,131.0
745,376,Israel,2015,74.0,78.0,0.0,152.0
746,376,Israel,2018,74.0,91.0,23.0,188.0
747,376,Israel,2019,74.0,103.0,28.0,205.0
748,376,Israel,2020,74.0,105.0,28.0,207.0
749,376,Israel,2021,74.0,120.0,40.0,234.0
750,380,Italy,2004,58.0,53.0,3.0,114.0
751,380,Italy,2010,77.0,70.0,27.0,174.0
752,380,Italy,2015,136.0,76.0,67.0,279.0
753,380,Italy,2018,222.0,89.0,109.0,420.0
754,380,Italy,2019,222.0,91.0,145.0,458.0
755,380,Italy,2020,223.0,95.0,164.0,482.0
756,380,Italy,2021,223.0,107.0,165.0,495.0
757,384,Côte dIvoire,2004,1.0,61.0,105.0,167.0
758,384,Côte dIvoire,2010,4.0,100.0,106.0,210.0
759,384,Côte dIvoire,2015,6.0,113.0,107.0,226.0
760,384,Côte dIvoire,2018,7.0,133.0,117.0,257.0
761,384,Côte dIvoire,2019,7.0,134.0,129.0,270.0
762,384,Côte dIvoire,2020,7.0,140.0,133.0,280.0
763,384,Côte dIvoire,2021,10.0,148.0,140.0,298.0
764,388,Jamaica,2004,5.0,54.0,208.0,267.0
765,388,Jamaica,2010,15.0,58.0,209.0,282.0
766,388,Jamaica,2015,15.0,69.0,214.0,298.0
767,388,Jamaica,2018,15.0,87.0,214.0,316.0
768,388,Jamaica,2019,15.0,91.0,215.0,321.0
769,388,Jamaica,2020,15.0,94.0,214.0,323.0
770,388,Jamaica,2021,15.0,111.0,215.0,341.0
771,392,Japan,2004,45.0,148.0,12.0,205.0
772,392,Japan,2010,157.0,158.0,15.0,330.0
773,392,Japan,2015,170.0,171.0,23.0,364.0
774,392,Japan,2018,174.0,198.0,50.0,422.0
775,392,Japan,2019,176.0,223.0,60.0,459.0
776,392,Japan,2020,177.0,228.0,65.0,470.0
777,392,Japan,2021,190.0,303.0,69.0,562.0
778,398,Kazakhstan,2004,4.0,48.0,1.0,53.0
779,398,Kazakhstan,2010,4.0,53.0,16.0,73.0
780,398,Kazakhstan,2015,7.0,55.0,16.0,78.0
781,398,Kazakhstan,2018,7.0,59.0,14.0,80.0
782,398,Kazakhstan,2019,7.0,59.0,15.0,81.0
783,398,Kazakhstan,2020,7.0,59.0,15.0,81.0
784,398,Kazakhstan,2021,7.0,70.0,14.0,91.0
785,400,Jordan,2004,3.0,27.0,0.0,30.0
786,400,Jordan,2010,48.0,41.0,1.0,90.0
787,400,Jordan,2015,61.0,40.0,1.0,102.0
788,400,Jordan,2018,61.0,48.0,8.0,117.0
789,400,Jordan,2019,61.0,55.0,8.0,124.0
790,400,Jordan,2020,61.0,52.0,8.0,121.0
791,400,Jordan,2021,61.0,58.0,8.0,127.0
792,404,Kenya,2004,27.0,99.0,103.0,229.0
793,404,Kenya,2010,72.0,137.0,129.0,338.0
794,404,Kenya,2015,84.0,157.0,222.0,463.0
795,404,Kenya,2018,87.0,169.0,234.0,490.0
796,404,Kenya,2019,92.0,176.0,248.0,516.0
797,404,Kenya,2020,93.0,179.0,277.0,549.0
798,404,Kenya,2021,93.0,196.0,326.0,615.0
799,408,Dem. People's Rep. Korea,2004,1.0,40.0,3.0,44.0
800,408,Dem. People's Rep. Korea,2010,2.0,44.0,6.0,52.0
801,408,Dem. People's Rep. Korea,2015,3.0,53.0,8.0,64.0
802,408,Dem. People's Rep. Korea,2018,3.0,60.0,17.0,80.0
803,408,Dem. People's Rep. Korea,2019,3.0,63.0,17.0,83.0
804,408,Dem. People's Rep. Korea,2020,3.0,66.0,19.0,88.0
805,408,Dem. People's Rep. Korea,2021,4.0,84.0,21.0,109.0
806,410,Republic of Korea,2004,1.0,54.0,0.0,55.0
807,410,Republic of Korea,2010,3.0,58.0,3.0,64.0
808,410,Republic of Korea,2015,4.0,65.0,7.0,76.0
809,410,Republic of Korea,2018,8.0,78.0,32.0,118.0
810,410,Republic of Korea,2019,8.0,82.0,35.0,125.0
811,410,Republic of Korea,2020,8.0,90.0,38.0,136.0
812,410,Republic of Korea,2021,8.0,113.0,40.0,161.0
813,414,Kuwait,2004,0.0,20.0,0.0,20.0
814,414,Kuwait,2010,13.0,28.0,0.0,41.0
815,414,Kuwait,2015,13.0,29.0,0.0,42.0
816,414,Kuwait,2018,13.0,39.0,0.0,52.0
817,414,Kuwait,2019,13.0,43.0,0.0,56.0
818,414,Kuwait,2020,13.0,44.0,0.0,57.0
819,414,Kuwait,2021,13.0,50.0,0.0,63.0
820,417,Kyrgyzstan,2004,3.0,12.0,1.0,16.0
821,417,Kyrgyzstan,2010,3.0,23.0,14.0,40.0
822,417,Kyrgyzstan,2015,4.0,23.0,14.0,41.0
823,417,Kyrgyzstan,2018,4.0,26.0,13.0,43.0
824,417,Kyrgyzstan,2019,4.0,26.0,13.0,43.0
825,417,Kyrgyzstan,2020,4.0,26.0,13.0,43.0
826,417,Kyrgyzstan,2021,3.0,35.0,13.0,51.0
827,418,Lao People's Dem. Rep.,2004,0.0,72.0,19.0,91.0
828,418,Lao People's Dem. Rep.,2010,3.0,107.0,22.0,132.0
829,418,Lao People's Dem. Rep.,2015,21.0,148.0,41.0,210.0
830,418,Lao People's Dem. Rep.,2018,21.0,149.0,54.0,224.0
831,418,Lao People's Dem. Rep.,2019,21.0,164.0,58.0,243.0
832,418,Lao People's Dem. Rep.,2020,21.0,166.0,63.0,250.0
833,418,Lao People's Dem. Rep.,2021,21.0,174.0,72.0,267.0
834,422,Lebanon,2004,1.0,25.0,0.0,26.0
835,422,Lebanon,2010,5.0,44.0,1.0,50.0
836,422,Lebanon,2015,16.0,48.0,5.0,69.0
837,422,Lebanon,2018,18.0,57.0,24.0,99.0
838,422,Lebanon,2019,18.0,57.0,29.0,104.0
839,422,Lebanon,2020,19.0,61.0,29.0,109.0
840,422,Lebanon,2021,18.0,67.0,100.0,185.0
841,426,Lesotho,2004,1.0,11.0,1.0,13.0
842,426,Lesotho,2010,2.0,10.0,4.0,16.0
843,426,Lesotho,2015,3.0,10.0,4.0,17.0
844,426,Lesotho,2018,3.0,13.0,4.0,20.0
845,426,Lesotho,2019,3.0,13.0,4.0,20.0
846,426,Lesotho,2020,2.0,13.0,4.0,19.0
847,426,Lesotho,2021,2.0,14.0,5.0,21.0
848,428,Latvia,2004,8.0,15.0,0.0,23.0
849,428,Latvia,2010,9.0,9.0,0.0,18.0
850,428,Latvia,2015,12.0,13.0,0.0,25.0
851,428,Latvia,2018,12.0,18.0,1.0,31.0
852,428,Latvia,2019,12.0,18.0,5.0,35.0
853,428,Latvia,2020,12.0,18.0,10.0,40.0
854,428,Latvia,2021,12.0,18.0,10.0,40.0
855,430,Liberia,2004,3.0,45.0,46.0,94.0
856,430,Liberia,2010,9.0,91.0,47.0,147.0
857,430,Liberia,2015,11.0,98.0,49.0,158.0
858,430,Liberia,2018,10.0,112.0,53.0,175.0
859,430,Liberia,2019,10.0,114.0,83.0,207.0
860,430,Liberia,2020,10.0,122.0,86.0,218.0
861,430,Liberia,2021,12.0,132.0,104.0,248.0
862,434,Libya,2004,0.0,24.0,1.0,25.0
863,434,Libya,2010,0.0,42.0,2.0,44.0
864,434,Libya,2015,2.0,49.0,3.0,54.0
865,434,Libya,2018,4.0,56.0,5.0,65.0
866,434,Libya,2019,4.0,57.0,8.0,69.0
867,434,Libya,2020,5.0,62.0,8.0,75.0
868,434,Libya,2021,5.0,72.0,9.0,86.0
869,438,Liechtenstein,2004,5.0,3.0,0.0,8.0
870,438,Liechtenstein,2010,2.0,0.0,0.0,2.0
871,438,Liechtenstein,2015,4.0,0.0,0.0,4.0
872,438,Liechtenstein,2018,6.0,2.0,0.0,8.0
873,438,Liechtenstein,2019,6.0,2.0,4.0,12.0
874,438,Liechtenstein,2020,6.0,2.0,5.0,13.0
875,438,Liechtenstein,2021,5.0,2.0,5.0,12.0
876,440,Lithuania,2004,5.0,12.0,0.0,17.0
877,440,Lithuania,2010,5.0,12.0,0.0,17.0
878,440,Lithuania,2015,7.0,14.0,1.0,22.0
879,440,Lithuania,2018,8.0,18.0,2.0,28.0
880,440,Lithuania,2019,8.0,18.0,9.0,35.0
881,440,Lithuania,2020,8.0,18.0,15.0,41.0
882,440,Lithuania,2021,8.0,17.0,15.0,40.0
883,442,Luxembourg,2004,4.0,6.0,0.0,10.0
884,442,Luxembourg,2010,4.0,1.0,0.0,5.0
885,442,Luxembourg,2015,7.0,2.0,0.0,9.0
886,442,Luxembourg,2018,7.0,4.0,0.0,11.0
887,442,Luxembourg,2019,7.0,4.0,5.0,16.0
888,442,Luxembourg,2020,7.0,4.0,5.0,16.0
889,442,Luxembourg,2021,8.0,4.0,5.0,17.0
890,446,"China, Macao SAR",2004,0.0,5.0,0.0,5.0
891,446,"China, Macao SAR",2010,0.0,9.0,0.0,9.0
892,446,"China, Macao SAR",2015,1.0,10.0,0.0,11.0
893,446,"China, Macao SAR",2018,1.0,10.0,0.0,11.0
894,446,"China, Macao SAR",2019,1.0,15.0,0.0,16.0
895,446,"China, Macao SAR",2020,1.0,25.0,0.0,26.0
896,446,"China, Macao SAR",2021,1.0,25.0,0.0,26.0
897,450,Madagascar,2004,32.0,222.0,276.0,530.0
898,450,Madagascar,2010,100.0,283.0,280.0,663.0
899,450,Madagascar,2015,110.0,446.0,409.0,965.0
900,450,Madagascar,2018,194.0,551.0,871.0,1616.0
901,450,Madagascar,2019,195.0,554.0,1624.0,2373.0
902,450,Madagascar,2020,195.0,556.0,2159.0,2910.0
903,450,Madagascar,2021,244.0,583.0,2837.0,3664.0
904,454,Malawi,2004,11.0,25.0,14.0,50.0
905,454,Malawi,2010,17.0,127.0,14.0,158.0
906,454,Malawi,2015,16.0,130.0,25.0,171.0
907,454,Malawi,2018,14.0,136.0,26.0,176.0
908,454,Malawi,2019,14.0,74.0,37.0,125.0
909,454,Malawi,2020,14.0,74.0,42.0,130.0
910,454,Malawi,2021,15.0,76.0,46.0,137.0
911,458,Malaysia,2004,19.0,190.0,683.0,892.0
912,458,Malaysia,2010,242.0,246.0,692.0,1180.0
913,458,Malaysia,2015,262.0,269.0,721.0,1252.0
914,458,Malaysia,2018,265.0,280.0,712.0,1257.0
915,458,Malaysia,2019,282.0,343.0,813.0,1438.0
916,458,Malaysia,2020,314.0,351.0,997.0,1662.0
917,458,Malaysia,2021,320.0,400.0,1208.0,1928.0
918,462,Maldives,2004,0.0,12.0,0.0,12.0
919,462,Maldives,2010,39.0,20.0,0.0,59.0
920,462,Maldives,2015,46.0,23.0,0.0,69.0
921,462,Maldives,2018,46.0,29.0,0.0,75.0
922,462,Maldives,2019,46.0,33.0,0.0,79.0
923,462,Maldives,2020,45.0,35.0,0.0,80.0
924,462,Maldives,2021,45.0,43.0,0.0,88.0
925,466,Mali,2004,0.0,19.0,6.0,25.0
926,466,Mali,2010,0.0,23.0,6.0,29.0
927,466,Mali,2015,0.0,31.0,8.0,39.0
928,466,Mali,2018,0.0,35.0,11.0,46.0
929,466,Mali,2019,0.0,37.0,24.0,61.0
930,466,Mali,2020,0.0,37.0,25.0,62.0
931,466,Mali,2021,5.0,38.0,28.0,71.0
932,470,Malta,2004,3.0,22.0,0.0,25.0
933,470,Malta,2010,3.0,20.0,3.0,26.0
934,470,Malta,2015,4.0,23.0,4.0,31.0
935,470,Malta,2018,5.0,30.0,4.0,39.0
936,470,Malta,2019,5.0,31.0,4.0,40.0
937,470,Malta,2020,6.0,38.0,5.0,49.0
938,470,Malta,2021,7.0,46.0,5.0,58.0
939,474,Martinique,2004,1.0,20.0,8.0,29.0
940,474,Martinique,2010,1.0,22.0,8.0,31.0
941,474,Martinique,2015,2.0,34.0,9.0,45.0
942,474,Martinique,2018,2.0,37.0,9.0,48.0
943,474,Martinique,2019,2.0,45.0,9.0,56.0
944,474,Martinique,2020,2.0,51.0,9.0,62.0
945,474,Martinique,2021,2.0,60.0,12.0,74.0
946,478,Mauritania,2004,1.0,25.0,0.0,26.0
947,478,Mauritania,2010,1.0,57.0,0.0,58.0
948,478,Mauritania,2015,3.0,66.0,0.0,69.0
949,478,Mauritania,2018,3.0,85.0,0.0,88.0
950,478,Mauritania,2019,3.0,86.0,0.0,89.0
951,478,Mauritania,2020,3.0,91.0,0.0,94.0
952,478,Mauritania,2021,3.0,108.0,0.0,111.0
953,480,Mauritius,2004,32.0,28.0,87.0,147.0
954,480,Mauritius,2010,98.0,36.0,88.0,222.0
955,480,Mauritius,2015,118.0,41.0,90.0,249.0
956,480,Mauritius,2018,120.0,48.0,91.0,259.0
957,480,Mauritius,2019,121.0,54.0,91.0,266.0
958,480,Mauritius,2020,124.0,56.0,92.0,272.0
959,480,Mauritius,2021,126.0,61.0,92.0,279.0
960,484,Mexico,2004,41.0,446.0,261.0,748.0
961,484,Mexico,2010,79.0,609.0,255.0,943.0
962,484,Mexico,2015,93.0,639.0,377.0,1109.0
963,484,Mexico,2018,106.0,657.0,450.0,1213.0
964,484,Mexico,2019,113.0,736.0,529.0,1378.0
965,484,Mexico,2020,114.0,751.0,791.0,1656.0
966,484,Mexico,2021,117.0,805.0,1156.0,2078.0
967,492,Monaco,2004,0.0,9.0,0.0,9.0
968,492,Monaco,2010,0.0,11.0,0.0,11.0
969,492,Monaco,2015,3.0,13.0,0.0,16.0
970,492,Monaco,2018,3.0,18.0,1.0,22.0
971,492,Monaco,2019,3.0,19.0,2.0,24.0
972,492,Monaco,2020,4.0,28.0,2.0,34.0
973,492,Monaco,2021,4.0,35.0,2.0,41.0
974,496,Mongolia,2004,3.0,36.0,0.0,39.0
975,496,Mongolia,2010,3.0,33.0,0.0,36.0
976,496,Mongolia,2015,3.0,33.0,0.0,36.0
977,496,Mongolia,2018,3.0,37.0,0.0,40.0
978,496,Mongolia,2019,3.0,37.0,2.0,42.0
979,496,Mongolia,2020,3.0,37.0,3.0,43.0
980,496,Mongolia,2021,2.0,37.0,4.0,43.0
981,498,Republic of Moldova,2004,5.0,22.0,0.0,27.0
982,498,Republic of Moldova,2010,3.0,24.0,0.0,27.0
983,498,Republic of Moldova,2015,5.0,22.0,2.0,29.0
984,498,Republic of Moldova,2018,6.0,26.0,2.0,34.0
985,498,Republic of Moldova,2019,6.0,25.0,2.0,33.0
986,498,Republic of Moldova,2020,6.0,25.0,2.0,33.0
987,498,Republic of Moldova,2021,6.0,27.0,2.0,35.0
988,499,Montenegro,2010,28.0,44.0,0.0,72.0
989,499,Montenegro,2015,34.0,49.0,2.0,85.0
990,499,Montenegro,2018,42.0,56.0,3.0,101.0
991,499,Montenegro,2019,42.0,55.0,7.0,104.0
992,499,Montenegro,2020,43.0,60.0,10.0,113.0
993,499,Montenegro,2021,42.0,67.0,10.0,119.0
994,500,Montserrat,2004,0.0,18.0,3.0,21.0
995,500,Montserrat,2010,11.0,21.0,3.0,35.0
996,500,Montserrat,2015,11.0,37.0,6.0,54.0
997,500,Montserrat,2018,11.0,39.0,6.0,56.0
998,500,Montserrat,2019,11.0,42.0,6.0,59.0
999,500,Montserrat,2020,11.0,44.0,7.0,62.0
1000,500,Montserrat,2021,11.0,54.0,7.0,72.0
1001,504,Morocco,2004,8.0,40.0,2.0,50.0
1002,504,Morocco,2010,40.0,86.0,31.0,157.0
1003,504,Morocco,2015,52.0,90.0,34.0,176.0
1004,504,Morocco,2018,69.0,105.0,49.0,223.0
1005,504,Morocco,2019,69.0,103.0,55.0,227.0
1006,504,Morocco,2020,71.0,106.0,61.0,238.0
1007,504,Morocco,2021,71.0,121.0,62.0,254.0
1008,508,Mozambique,2004,5.0,64.0,46.0,115.0
1009,508,Mozambique,2010,59.0,98.0,52.0,209.0
1010,508,Mozambique,2015,67.0,117.0,84.0,268.0
1011,508,Mozambique,2018,67.0,132.0,122.0,321.0
1012,508,Mozambique,2019,65.0,142.0,170.0,377.0
1013,508,Mozambique,2020,65.0,153.0,208.0,426.0
1014,508,Mozambique,2021,67.0,172.0,254.0,493.0
1015,512,Oman,2004,1.0,48.0,6.0,55.0
1016,512,Oman,2010,26.0,47.0,6.0,79.0
1017,512,Oman,2015,31.0,53.0,6.0,90.0
1018,512,Oman,2018,31.0,68.0,6.0,105.0
1019,512,Oman,2019,31.0,71.0,6.0,108.0
1020,512,Oman,2020,31.0,75.0,6.0,112.0
1021,512,Oman,2021,32.0,89.0,6.0,127.0
1022,516,Namibia,2004,1.0,44.0,24.0,69.0
1023,516,Namibia,2010,0.0,66.0,26.0,92.0
1024,516,Namibia,2015,4.0,73.0,28.0,105.0
1025,516,Namibia,2018,4.0,85.0,27.0,116.0
1026,516,Namibia,2019,4.0,84.0,27.0,115.0
1027,516,Namibia,2020,4.0,85.0,28.0,117.0
1028,516,Namibia,2021,4.0,97.0,31.0,132.0
1029,520,Nauru,2004,0.0,5.0,0.0,5.0
1030,520,Nauru,2010,62.0,12.0,0.0,74.0
1031,520,Nauru,2015,68.0,12.0,0.0,80.0
1032,520,Nauru,2018,68.0,14.0,0.0,82.0
1033,520,Nauru,2019,68.0,15.0,0.0,83.0
1034,520,Nauru,2020,68.0,18.0,0.0,86.0
1035,520,Nauru,2021,69.0,21.0,0.0,90.0
1036,524,Nepal,2004,1.0,69.0,7.0,77.0
1037,524,Nepal,2010,3.0,83.0,7.0,93.0
1038,524,Nepal,2015,3.0,85.0,17.0,105.0
1039,524,Nepal,2018,3.0,84.0,17.0,104.0
1040,524,Nepal,2019,3.0,85.0,19.0,107.0
1041,524,Nepal,2020,3.0,86.0,20.0,109.0
1042,524,Nepal,2021,3.0,93.0,25.0,121.0
1043,528,Netherlands,2004,7.0,27.0,0.0,34.0
1044,528,Netherlands,2010,6.0,18.0,0.0,24.0
1045,528,Netherlands,2015,10.0,19.0,0.0,29.0
1046,528,Netherlands,2018,11.0,28.0,4.0,43.0
1047,528,Netherlands,2019,11.0,29.0,19.0,59.0
1048,528,Netherlands,2020,11.0,31.0,29.0,71.0
1049,528,Netherlands,2021,12.0,34.0,29.0,75.0
1050,530,Netherlands Antilles [former],2004,0.0,26.0,2.0,28.0
1051,530,Netherlands Antilles [former],2010,11.0,24.0,3.0,38.0
1052,531,Curaçao,2015,11.0,36.0,2.0,49.0
1053,531,Curaçao,2018,11.0,38.0,2.0,51.0
1054,531,Curaçao,2019,11.0,39.0,2.0,52.0
1055,531,Curaçao,2020,11.0,43.0,4.0,58.0
1056,531,Curaçao,2021,11.0,56.0,4.0,71.0
1057,533,Aruba,2004,1.0,17.0,0.0,18.0
1058,533,Aruba,2010,1.0,20.0,1.0,22.0
1059,533,Aruba,2015,2.0,25.0,2.0,29.0
1060,533,Aruba,2018,2.0,28.0,2.0,32.0
1061,533,Aruba,2019,2.0,33.0,3.0,38.0
1062,533,Aruba,2020,2.0,37.0,5.0,44.0
1063,533,Aruba,2021,2.0,53.0,5.0,60.0
1064,534,Sint Maarten (Dutch part),2015,10.0,37.0,2.0,49.0
1065,534,Sint Maarten (Dutch part),2018,10.0,40.0,3.0,53.0
1066,534,Sint Maarten (Dutch part),2019,10.0,43.0,2.0,55.0
1067,534,Sint Maarten (Dutch part),2020,10.0,46.0,2.0,58.0
1068,534,Sint Maarten (Dutch part),2021,10.0,53.0,1.0,64.0
1069,535,"Bonaire, St. Eustatius & Saba",2015,11.0,41.0,3.0,55.0
1070,535,"Bonaire, St. Eustatius & Saba",2018,11.0,42.0,3.0,56.0
1071,535,"Bonaire, St. Eustatius & Saba",2019,11.0,44.0,3.0,58.0
1072,535,"Bonaire, St. Eustatius & Saba",2020,11.0,50.0,6.0,67.0
1073,535,"Bonaire, St. Eustatius & Saba",2021,11.0,61.0,5.0,77.0
1074,540,New Caledonia,2004,11.0,34.0,217.0,262.0
1075,540,New Caledonia,2010,97.0,61.0,257.0,415.0
1076,540,New Caledonia,2015,125.0,109.0,259.0,493.0
1077,540,New Caledonia,2018,125.0,117.0,350.0,592.0
1078,540,New Caledonia,2019,125.0,118.0,350.0,593.0
1079,540,New Caledonia,2020,129.0,120.0,510.0,759.0
1080,540,New Caledonia,2021,130.0,127.0,629.0,886.0
1081,548,Vanuatu,2004,0.0,19.0,10.0,29.0
1082,548,Vanuatu,2010,79.0,32.0,10.0,121.0
1083,548,Vanuatu,2015,92.0,35.0,10.0,137.0
1084,548,Vanuatu,2018,91.0,38.0,10.0,139.0
1085,548,Vanuatu,2019,91.0,39.0,10.0,140.0
1086,548,Vanuatu,2020,91.0,42.0,11.0,144.0
1087,548,Vanuatu,2021,92.0,48.0,10.0,150.0
1088,554,New Zealand,2004,14.0,114.0,21.0,149.0
1089,554,New Zealand,2010,15.0,117.0,21.0,153.0
1090,554,New Zealand,2015,46.0,130.0,21.0,197.0
1091,554,New Zealand,2018,61.0,131.0,24.0,216.0
1092,554,New Zealand,2019,61.0,162.0,24.0,247.0
1093,554,New Zealand,2020,61.0,166.0,34.0,261.0
1094,554,New Zealand,2021,61.0,170.0,34.0,265.0
1095,558,Nicaragua,2004,2.0,49.0,39.0,90.0
1096,558,Nicaragua,2010,17.0,61.0,43.0,121.0
1097,558,Nicaragua,2015,18.0,79.0,44.0,141.0
1098,558,Nicaragua,2018,20.0,79.0,50.0,149.0
1099,558,Nicaragua,2019,20.0,84.0,49.0,153.0
1100,558,Nicaragua,2020,20.0,89.0,52.0,161.0
1101,558,Nicaragua,2021,20.0,142.0,64.0,226.0
1102,562,Niger,2004,1.0,12.0,2.0,15.0
1103,562,Niger,2010,2.0,22.0,2.0,26.0
1104,562,Niger,2015,1.0,27.0,3.0,31.0
1105,562,Niger,2018,1.0,32.0,3.0,36.0
1106,562,Niger,2019,1.0,32.0,4.0,37.0
1107,562,Niger,2020,1.0,32.0,4.0,37.0
1108,562,Niger,2021,2.0,36.0,4.0,42.0
1109,566,Nigeria,2004,1.0,61.0,170.0,232.0
1110,566,Nigeria,2010,12.0,113.0,172.0,297.0
1111,566,Nigeria,2015,17.0,127.0,189.0,333.0
1112,566,Nigeria,2018,13.0,148.0,203.0,364.0
1113,566,Nigeria,2019,13.0,151.0,208.0,372.0
1114,566,Nigeria,2020,13.0,156.0,211.0,380.0
1115,566,Nigeria,2021,15.0,170.0,218.0,403.0
1116,570,Niue,2004,0.0,12.0,0.0,12.0
1117,570,Niue,2010,23.0,20.0,0.0,43.0
1118,570,Niue,2015,30.0,20.0,0.0,50.0
1119,570,Niue,2018,30.0,22.0,0.0,52.0
1120,570,Niue,2019,30.0,23.0,0.0,53.0
1121,570,Niue,2020,30.0,25.0,1.0,56.0
1122,570,Niue,2021,31.0,27.0,1.0,59.0
1123,574,Norfolk Island,2004,12.0,21.0,1.0,34.0
1124,574,Norfolk Island,2010,21.0,19.0,1.0,41.0
1125,574,Norfolk Island,2015,23.0,17.0,1.0,41.0
1126,574,Norfolk Island,2018,23.0,19.0,2.0,44.0
1127,574,Norfolk Island,2019,23.0,21.0,2.0,46.0
1128,574,Norfolk Island,2020,23.0,25.0,2.0,50.0
1129,574,Norfolk Island,2021,23.0,26.0,2.0,51.0
1130,578,Norway,2004,9.0,22.0,2.0,33.0
1131,578,Norway,2010,7.0,27.0,2.0,36.0
1132,578,Norway,2015,10.0,30.0,4.0,44.0
1133,578,Norway,2018,10.0,42.0,21.0,73.0
1134,578,Norway,2019,10.0,43.0,51.0,104.0
1135,578,Norway,2020,10.0,44.0,61.0,115.0
1136,578,Norway,2021,9.0,47.0,62.0,118.0
1137,580,Northern Mariana Islands,2004,2.0,22.0,4.0,28.0
1138,580,Northern Mariana Islands,2010,51.0,29.0,5.0,85.0
1139,580,Northern Mariana Islands,2015,57.0,37.0,5.0,99.0
1140,580,Northern Mariana Islands,2018,,40.0,5.0,102.0
1141,580,Northern Mariana Islands,2019,57.0,39.0,6.0,102.0
1142,580,Northern Mariana Islands,2020,57.0,42.0,6.0,105.0
1143,580,Northern Mariana Islands,2021,58.0,47.0,6.0,111.0
1144,581,U.S. Minor Outlying islands,2004,0.0,15.0,0.0,15.0
1145,581,U.S. Minor Outlying islands,2010,44.0,23.0,0.0,67.0
1146,581,U.S. Minor Outlying islands,2015,47.0,24.0,0.0,71.0
1147,581,U.S. Minor Outlying islands,2018,47.0,26.0,0.0,73.0
1148,581,U.S. Minor Outlying islands,2019,47.0,24.0,0.0,71.0
1149,581,U.S. Minor Outlying islands,2020,47.0,26.0,0.0,73.0
1150,581,U.S. Minor Outlying islands,2021,48.0,28.0,0.0,76.0
1151,583,Micronesia (Fed. States of),2004,4.0,22.0,4.0,30.0
1152,583,Micronesia (Fed. States of),2010,108.0,35.0,5.0,148.0
1153,583,Micronesia (Fed. States of),2015,115.0,44.0,4.0,163.0
1154,583,Micronesia (Fed. States of),2018,114.0,50.0,4.0,168.0
1155,583,Micronesia (Fed. States of),2019,114.0,49.0,5.0,168.0
1156,583,Micronesia (Fed. States of),2020,116.0,49.0,5.0,170.0
1157,583,Micronesia (Fed. States of),2021,121.0,53.0,8.0,182.0
1158,584,Marshall Islands,2004,1.0,12.0,0.0,13.0
1159,584,Marshall Islands,2010,67.0,17.0,0.0,84.0
1160,584,Marshall Islands,2015,73.0,22.0,0.0,95.0
1161,584,Marshall Islands,2018,73.0,28.0,0.0,101.0
1162,584,Marshall Islands,2019,73.0,28.0,0.0,101.0
1163,584,Marshall Islands,2020,73.0,31.0,0.0,104.0
1164,584,Marshall Islands,2021,74.0,35.0,0.0,109.0
1165,585,Palau,2004,5.0,13.0,3.0,21.0
1166,585,Palau,2010,102.0,22.0,4.0,128.0
1167,585,Palau,2015,146.0,27.0,4.0,177.0
1168,585,Palau,2018,146.0,34.0,4.0,184.0
1169,585,Palau,2019,146.0,35.0,5.0,186.0
1170,585,Palau,2020,148.0,36.0,5.0,189.0
1171,585,Palau,2021,149.0,42.0,5.0,196.0
1172,586,Pakistan,2004,0.0,70.0,2.0,72.0
1173,586,Pakistan,2010,15.0,92.0,2.0,109.0
1174,586,Pakistan,2015,18.0,99.0,12.0,129.0
1175,586,Pakistan,2018,18.0,115.0,12.0,145.0
1176,586,Pakistan,2019,18.0,118.0,12.0,148.0
1177,586,Pakistan,2020,18.0,124.0,13.0,155.0
1178,586,Pakistan,2021,18.0,164.0,18.0,200.0
1179,591,Panama,2004,2.0,113.0,195.0,310.0
1180,591,Panama,2010,20.0,125.0,202.0,347.0
1181,591,Panama,2015,22.0,148.0,203.0,373.0
1182,591,Panama,2018,22.0,154.0,211.0,387.0
1183,591,Panama,2019,22.0,161.0,211.0,394.0
1184,591,Panama,2020,22.0,170.0,208.0,400.0
1185,591,Panama,2021,24.0,254.0,219.0,497.0
1186,598,Papua New Guinea,2004,12.0,141.0,142.0,295.0
1187,598,Papua New Guinea,2010,171.0,139.0,143.0,453.0
1188,598,Papua New Guinea,2015,181.0,146.0,151.0,478.0
1189,598,Papua New Guinea,2018,180.0,161.0,158.0,499.0
1190,598,Papua New Guinea,2019,178.0,166.0,186.0,530.0
1191,598,Papua New Guinea,2020,183.0,173.0,229.0,585.0
1192,598,Papua New Guinea,2021,190.0,255.0,571.0,1016.0
1193,600,Paraguay,2004,0.0,40.0,10.0,50.0
1194,600,Paraguay,2010,0.0,38.0,10.0,48.0
1195,600,Paraguay,2015,0.0,39.0,19.0,58.0
1196,600,Paraguay,2018,0.0,43.0,19.0,62.0
1197,600,Paraguay,2019,0.0,44.0,20.0,64.0
1198,600,Paraguay,2020,1.0,46.0,20.0,67.0
1199,600,Paraguay,2021,2.0,47.0,22.0,71.0
1200,604,Peru,2004,2.0,232.0,274.0,508.0
1201,604,Peru,2010,3.0,274.0,274.0,551.0
1202,604,Peru,2015,8.0,317.0,318.0,643.0
1203,604,Peru,2018,8.0,377.0,328.0,713.0
1204,604,Peru,2019,9.0,384.0,351.0,744.0
1205,604,Peru,2020,9.0,396.0,414.0,819.0
1206,604,Peru,2021,11.0,413.0,495.0,919.0
1207,608,Philippines,2004,19.0,225.0,212.0,456.0
1208,608,Philippines,2010,213.0,262.0,222.0,697.0
1209,608,Philippines,2015,237.0,291.0,239.0,767.0
1210,608,Philippines,2018,238.0,302.0,245.0,785.0
1211,608,Philippines,2019,240.0,284.0,259.0,783.0
1212,608,Philippines,2020,323.0,293.0,268.0,884.0
1213,608,Philippines,2021,339.0,338.0,653.0,1330.0
1214,612,Pitcairn,2004,5.0,15.0,7.0,27.0
1215,612,Pitcairn,2010,15.0,20.0,7.0,42.0
1216,612,Pitcairn,2015,16.0,20.0,7.0,43.0
1217,612,Pitcairn,2018,16.0,21.0,7.0,44.0
1218,612,Pitcairn,2019,16.0,19.0,7.0,42.0
1219,612,Pitcairn,2020,16.0,21.0,7.0,44.0
1220,612,Pitcairn,2021,17.0,20.0,9.0,46.0
1221,616,Poland,2004,15.0,27.0,4.0,46.0
1222,616,Poland,2010,16.0,17.0,4.0,37.0
1223,616,Poland,2015,22.0,19.0,10.0,51.0
1224,616,Poland,2018,28.0,24.0,14.0,66.0
1225,616,Poland,2019,28.0,23.0,32.0,83.0
1226,616,Poland,2020,28.0,23.0,44.0,95.0
1227,616,Poland,2021,28.0,23.0,44.0,95.0
1228,620,Portugal,2004,82.0,51.0,15.0,148.0
1229,620,Portugal,2010,79.0,71.0,21.0,171.0
1230,620,Portugal,2015,94.0,81.0,81.0,256.0
1231,620,Portugal,2018,197.0,98.0,104.0,399.0
1232,620,Portugal,2019,205.0,101.0,150.0,456.0
1233,620,Portugal,2020,205.0,106.0,154.0,465.0
1234,620,Portugal,2021,239.0,119.0,154.0,512.0
1235,624,Guinea-Bissau,2004,1.0,17.0,4.0,22.0
1236,624,Guinea-Bissau,2010,0.0,48.0,4.0,52.0
1237,624,Guinea-Bissau,2015,2.0,59.0,5.0,66.0
1238,624,Guinea-Bissau,2018,2.0,73.0,5.0,80.0
1239,624,Guinea-Bissau,2019,2.0,75.0,10.0,87.0
1240,624,Guinea-Bissau,2020,2.0,80.0,10.0,92.0
1241,624,Guinea-Bissau,2021,3.0,88.0,11.0,102.0
1242,626,Timor-Leste,2004,0.0,11.0,0.0,11.0
1243,626,Timor-Leste,2010,0.0,18.0,0.0,18.0
1244,626,Timor-Leste,2015,1.0,19.0,1.0,21.0
1245,626,Timor-Leste,2018,1.0,24.0,1.0,26.0
1246,626,Timor-Leste,2019,1.0,31.0,3.0,35.0
1247,626,Timor-Leste,2020,1.0,35.0,5.0,41.0
1248,626,Timor-Leste,2021,1.0,43.0,5.0,49.0
1249,630,Puerto Rico,2004,1.0,44.0,52.0,97.0
1250,630,Puerto Rico,2010,1.0,49.0,53.0,103.0
1251,630,Puerto Rico,2015,0.0,70.0,57.0,127.0
1252,630,Puerto Rico,2018,0.0,72.0,63.0,135.0
1253,630,Puerto Rico,2019,0.0,76.0,65.0,141.0
1254,630,Puerto Rico,2020,0.0,79.0,67.0,146.0
1255,630,Puerto Rico,2021,0.0,90.0,69.0,159.0
1256,634,Qatar,2004,0.0,12.0,0.0,12.0
1257,634,Qatar,2010,13.0,19.0,0.0,32.0
1258,634,Qatar,2015,13.0,22.0,0.0,35.0
1259,634,Qatar,2018,13.0,32.0,0.0,45.0
1260,634,Qatar,2019,13.0,37.0,0.0,50.0
1261,634,Qatar,2020,13.0,37.0,0.0,50.0
1262,634,Qatar,2021,13.0,47.0,0.0,60.0
1263,638,Réunion,2004,16.0,18.0,14.0,48.0
1264,638,Réunion,2010,73.0,16.0,15.0,104.0
1265,638,Réunion,2015,87.0,22.0,17.0,126.0
1266,638,Réunion,2018,89.0,24.0,18.0,131.0
1267,638,Réunion,2019,89.0,29.0,19.0,137.0
1268,638,Réunion,2020,89.0,35.0,21.0,145.0
1269,638,Réunion,2021,90.0,40.0,21.0,151.0
1270,642,Romania,2004,22.0,40.0,1.0,63.0
1271,642,Romania,2010,24.0,39.0,1.0,64.0
1272,642,Romania,2015,38.0,42.0,5.0,85.0
1273,642,Romania,2018,68.0,50.0,7.0,125.0
1274,642,Romania,2019,67.0,51.0,20.0,138.0
1275,642,Romania,2020,67.0,51.0,22.0,140.0
1276,642,Romania,2021,67.0,55.0,22.0,144.0
1277,643,Russian Federation,2004,30.0,114.0,7.0,151.0
1278,643,Russian Federation,2010,25.0,93.0,8.0,126.0
1279,643,Russian Federation,2015,36.0,126.0,55.0,217.0
1280,643,Russian Federation,2018,39.0,139.0,60.0,238.0
1281,643,Russian Federation,2019,38.0,139.0,90.0,267.0
1282,643,Russian Federation,2020,38.0,141.0,100.0,279.0
1283,643,Russian Federation,2021,37.0,155.0,103.0,295.0
1284,646,Rwanda,2004,4.0,30.0,3.0,37.0
1285,646,Rwanda,2010,2.0,49.0,4.0,55.0
1286,646,Rwanda,2015,2.0,51.0,8.0,61.0
1287,646,Rwanda,2018,4.0,52.0,41.0,97.0
1288,646,Rwanda,2019,4.0,52.0,71.0,127.0
1289,646,Rwanda,2020,4.0,52.0,112.0,168.0
1290,646,Rwanda,2021,4.0,54.0,113.0,171.0
1291,652,Saint Barthélemy,2010,11.0,4.0,2.0,17.0
1292,652,Saint Barthélemy,2015,11.0,16.0,2.0,29.0
1293,652,Saint Barthélemy,2018,11.0,19.0,2.0,32.0
1294,652,Saint Barthélemy,2019,11.0,28.0,2.0,41.0
1295,652,Saint Barthélemy,2020,11.0,31.0,2.0,44.0
1296,652,Saint Barthélemy,2021,11.0,40.0,2.0,53.0
1297,654,Saint Helena,2004,2.0,32.0,26.0,60.0
1298,654,Saint Helena,2010,2.0,31.0,27.0,60.0
1299,654,Saint Helena,2015,13.0,37.0,30.0,80.0
1300,654,Saint Helena,2018,33.0,41.0,44.0,118.0
1301,654,Saint Helena,2019,68.0,42.0,45.0,155.0
1302,654,Saint Helena,2020,83.0,45.0,45.0,173.0
1303,654,Saint Helena,2021,97.0,46.0,46.0,189.0
1304,656,Tristan da Cunha,2019,69.0,,45.0,156.0
1305,656,Tristan da Cunha,2021,97.0,,46.0,189.0
1306,659,Saint Kitts and Nevis,2004,0.0,17.0,2.0,19.0
1307,659,Saint Kitts and Nevis,2010,10.0,24.0,2.0,36.0
1308,659,Saint Kitts and Nevis,2015,10.0,39.0,2.0,51.0
1309,659,Saint Kitts and Nevis,2018,10.0,40.0,2.0,52.0
1310,659,Saint Kitts and Nevis,2019,10.0,43.0,2.0,55.0
1311,659,Saint Kitts and Nevis,2020,10.0,45.0,2.0,57.0
1312,659,Saint Kitts and Nevis,2021,10.0,56.0,4.0,70.0
1313,660,Anguilla,2004,0.0,15.0,3.0,18.0
1314,660,Anguilla,2010,10.0,20.0,3.0,33.0
1315,660,Anguilla,2015,10.0,37.0,4.0,51.0
1316,660,Anguilla,2018,10.0,40.0,4.0,54.0
1317,660,Anguilla,2019,10.0,43.0,4.0,57.0
1318,660,Anguilla,2020,10.0,47.0,3.0,60.0
1319,660,Anguilla,2021,10.0,56.0,3.0,69.0
1320,662,Saint Lucia,2004,0.0,23.0,6.0,29.0
1321,662,Saint Lucia,2010,11.0,29.0,6.0,46.0
1322,662,Saint Lucia,2015,11.0,41.0,6.0,58.0
1323,662,Saint Lucia,2018,11.0,45.0,6.0,62.0
1324,662,Saint Lucia,2019,11.0,48.0,8.0,67.0
1325,662,Saint Lucia,2020,11.0,50.0,8.0,69.0
1326,662,Saint Lucia,2021,11.0,63.0,11.0,85.0
1327,663,Saint Martin (French part),2010,11.0,4.0,2.0,17.0
1328,663,Saint Martin (French part),2015,10.0,38.0,3.0,51.0
1329,663,Saint Martin (French part),2018,10.0,40.0,3.0,53.0
1330,663,Saint Martin (French part),2019,10.0,43.0,3.0,56.0
1331,663,Saint Martin (French part),2020,10.0,46.0,3.0,59.0
1332,663,Saint Martin (French part),2021,10.0,53.0,2.0,65.0
1333,666,Saint Pierre and Miquelon,2004,0.0,2.0,0.0,2.0
1334,666,Saint Pierre and Miquelon,2010,0.0,4.0,0.0,4.0
1335,666,Saint Pierre and Miquelon,2015,0.0,7.0,0.0,7.0
1336,666,Saint Pierre and Miquelon,2018,0.0,14.0,0.0,14.0
1337,666,Saint Pierre and Miquelon,2019,0.0,16.0,0.0,16.0
1338,666,Saint Pierre and Miquelon,2020,0.0,19.0,0.0,19.0
1339,666,Saint Pierre and Miquelon,2021,0.0,23.0,0.0,23.0
1340,670,Saint Vincent & Grenadines,2004,0.0,20.0,4.0,24.0
1341,670,Saint Vincent & Grenadines,2010,10.0,24.0,4.0,38.0
1342,670,Saint Vincent & Grenadines,2015,10.0,39.0,5.0,54.0
1343,670,Saint Vincent & Grenadines,2018,10.0,44.0,5.0,59.0
1344,670,Saint Vincent & Grenadines,2019,10.0,45.0,6.0,61.0
1345,670,Saint Vincent & Grenadines,2020,10.0,50.0,5.0,65.0
1346,670,Saint Vincent & Grenadines,2021,10.0,61.0,7.0,78.0
1347,674,San Marino,2010,0.0,0.0,0.0,0.0
1348,674,San Marino,2015,1.0,0.0,0.0,1.0
1349,674,San Marino,2018,1.0,0.0,0.0,1.0
1350,674,San Marino,2019,1.0,0.0,0.0,1.0
1351,674,San Marino,2020,1.0,1.0,0.0,2.0
1352,674,San Marino,2021,1.0,3.0,0.0,4.0
1353,678,Sao Tome and Principe,2004,2.0,24.0,35.0,61.0
1354,678,Sao Tome and Principe,2010,2.0,33.0,35.0,70.0
1355,678,Sao Tome and Principe,2015,5.0,38.0,38.0,81.0
1356,678,Sao Tome and Principe,2018,4.0,51.0,49.0,104.0
1357,678,Sao Tome and Principe,2019,4.0,51.0,49.0,104.0
1358,678,Sao Tome and Principe,2020,4.0,55.0,49.0,108.0
1359,678,Sao Tome and Principe,2021,5.0,57.0,54.0,116.0
1360,682,Saudi Arabia,2004,1.0,37.0,3.0,41.0
1361,682,Saudi Arabia,2010,53.0,47.0,3.0,103.0
1362,682,Saudi Arabia,2015,59.0,57.0,3.0,119.0
1363,682,Saudi Arabia,2018,59.0,69.0,4.0,132.0
1364,682,Saudi Arabia,2019,60.0,77.0,4.0,141.0
1365,682,Saudi Arabia,2020,60.0,80.0,4.0,144.0
1366,682,Saudi Arabia,2021,60.0,96.0,4.0,160.0
1367,686,Senegal,2004,0.0,40.0,7.0,47.0
1368,686,Senegal,2010,1.0,72.0,9.0,82.0
1369,686,Senegal,2015,13.0,82.0,11.0,106.0
1370,686,Senegal,2018,13.0,101.0,13.0,127.0
1371,686,Senegal,2019,13.0,106.0,20.0,139.0
1372,686,Senegal,2020,13.0,109.0,23.0,145.0
1373,686,Senegal,2021,16.0,124.0,22.0,162.0
1374,688,Serbia,2010,16.0,29.0,1.0,46.0
1375,688,Serbia,2015,22.0,29.0,5.0,56.0
1376,688,Serbia,2018,35.0,35.0,7.0,77.0
1377,688,Serbia,2019,35.0,35.0,14.0,84.0
1378,688,Serbia,2020,35.0,35.0,16.0,86.0
1379,688,Serbia,2021,34.0,37.0,16.0,87.0
1380,690,Seychelles,2004,4.0,35.0,45.0,84.0
1381,690,Seychelles,2010,100.0,45.0,45.0,190.0
1382,690,Seychelles,2015,319.0,54.0,62.0,435.0
1383,690,Seychelles,2018,320.0,58.0,61.0,439.0
1384,690,Seychelles,2019,321.0,64.0,61.0,446.0
1385,690,Seychelles,2020,321.0,68.0,62.0,451.0
1386,690,Seychelles,2021,322.0,74.0,61.0,457.0
1387,694,Sierra Leone,2004,4.0,35.0,47.0,86.0
1388,694,Sierra Leone,2010,6.0,77.0,48.0,131.0
1389,694,Sierra Leone,2015,8.0,92.0,58.0,158.0
1390,694,Sierra Leone,2018,8.0,105.0,71.0,184.0
1391,694,Sierra Leone,2019,8.0,110.0,111.0,229.0
1392,694,Sierra Leone,2020,8.0,111.0,117.0,236.0
1393,694,Sierra Leone,2021,12.0,125.0,122.0,259.0
1394,702,Singapore,2004,1.0,30.0,54.0,85.0
1395,702,Singapore,2010,162.0,58.0,57.0,277.0
1396,702,Singapore,2015,173.0,56.0,58.0,287.0
1397,702,Singapore,2018,173.0,67.0,60.0,300.0
1398,702,Singapore,2019,173.0,77.0,62.0,312.0
1399,702,Singapore,2020,177.0,83.0,66.0,326.0
1400,702,Singapore,2021,177.0,107.0,66.0,350.0
1401,703,Slovakia,2004,19.0,27.0,2.0,48.0
1402,703,Slovakia,2010,17.0,15.0,2.0,34.0
1403,703,Slovakia,2015,22.0,16.0,7.0,45.0
1404,703,Slovakia,2018,32.0,21.0,28.0,81.0
1405,703,Slovakia,2019,32.0,21.0,54.0,107.0
1406,703,Slovakia,2020,32.0,21.0,63.0,116.0
1407,703,Slovakia,2021,31.0,22.0,64.0,117.0
1408,704,Viet Nam,2004,0.0,144.0,145.0,289.0
1409,704,Viet Nam,2010,92.0,186.0,146.0,424.0
1410,704,Viet Nam,2015,127.0,239.0,199.0,565.0
1411,704,Viet Nam,2018,152.0,278.0,231.0,661.0
1412,704,Viet Nam,2019,154.0,310.0,236.0,700.0
1413,704,Viet Nam,2020,156.0,322.0,260.0,738.0
1414,704,Viet Nam,2021,156.0,357.0,290.0,803.0
1415,705,Slovenia,2004,42.0,32.0,0.0,74.0
1416,705,Slovenia,2010,59.0,36.0,0.0,95.0
1417,705,Slovenia,2015,76.0,42.0,7.0,125.0
1418,705,Slovenia,2018,83.0,53.0,11.0,147.0
1419,705,Slovenia,2019,83.0,53.0,26.0,162.0
1420,705,Slovenia,2020,84.0,58.0,33.0,175.0
1421,705,Slovenia,2021,84.0,65.0,33.0,182.0
1422,706,Somalia,2004,1.0,46.0,17.0,64.0
1423,706,Somalia,2010,51.0,56.0,21.0,128.0
1424,706,Somalia,2015,62.0,60.0,43.0,165.0
1425,706,Somalia,2018,62.0,71.0,46.0,179.0
1426,706,Somalia,2019,62.0,76.0,49.0,187.0
1427,706,Somalia,2020,62.0,84.0,53.0,199.0
1428,706,Somalia,2021,62.0,99.0,56.0,217.0
1429,710,South Africa,2004,127.0,155.0,75.0,357.0
1430,710,South Africa,2010,159.0,185.0,97.0,441.0
1431,710,South Africa,2015,202.0,209.0,116.0,527.0
1432,710,South Africa,2018,208.0,248.0,151.0,607.0
1433,710,South Africa,2019,208.0,242.0,153.0,603.0
1434,710,South Africa,2020,196.0,247.0,154.0,597.0
1435,710,South Africa,2021,207.0,271.0,314.0,792.0
1436,716,Zimbabwe,2004,2.0,24.0,17.0,43.0
1437,716,Zimbabwe,2010,5.0,34.0,16.0,55.0
1438,716,Zimbabwe,2015,5.0,38.0,17.0,60.0
1439,716,Zimbabwe,2018,7.0,42.0,46.0,95.0
1440,716,Zimbabwe,2019,8.0,43.0,52.0,103.0
1441,716,Zimbabwe,2020,8.0,43.0,71.0,122.0
1442,716,Zimbabwe,2021,8.0,43.0,73.0,124.0
1443,724,Spain,2004,63.0,76.0,14.0,153.0
1444,724,Spain,2010,67.0,118.0,55.0,240.0
1445,724,Spain,2015,215.0,123.0,213.0,551.0
1446,724,Spain,2018,288.0,142.0,251.0,681.0
1447,724,Spain,2019,288.0,142.0,306.0,736.0
1448,724,Spain,2020,290.0,143.0,319.0,752.0
1449,724,Spain,2021,294.0,158.0,325.0,777.0
1450,728,South Sudan,2015,0.0,26.0,16.0,42.0
1451,728,South Sudan,2018,1.0,36.0,16.0,53.0
1452,728,South Sudan,2019,1.0,39.0,17.0,57.0
1453,728,South Sudan,2020,1.0,42.0,18.0,61.0
1454,728,South Sudan,2021,1.0,43.0,18.0,62.0
1455,729,Sudan,2004,2.0,36.0,17.0,55.0
1456,729,Sudan,2010,45.0,49.0,18.0,112.0
1457,729,Sudan,2015,50.0,57.0,16.0,123.0
1458,729,Sudan,2018,50.0,73.0,17.0,140.0
1459,729,Sudan,2019,50.0,82.0,19.0,151.0
1460,729,Sudan,2020,50.0,89.0,19.0,158.0
1461,729,Sudan,2021,50.0,97.0,18.0,165.0
1462,732,Western Sahara,2004,1.0,18.0,0.0,19.0
1463,732,Western Sahara,2010,1.0,38.0,0.0,39.0
1464,732,Western Sahara,2015,3.0,36.0,0.0,39.0
1465,732,Western Sahara,2018,3.0,48.0,0.0,51.0
1466,732,Western Sahara,2019,3.0,47.0,0.0,50.0
1467,732,Western Sahara,2020,3.0,55.0,0.0,58.0
1468,732,Western Sahara,2021,3.0,67.0,0.0,70.0
1469,740,Suriname,2004,0.0,32.0,27.0,59.0
1470,740,Suriname,2010,1.0,38.0,26.0,65.0
1471,740,Suriname,2015,1.0,49.0,26.0,76.0
1472,740,Suriname,2018,1.0,57.0,27.0,85.0
1473,740,Suriname,2019,1.0,57.0,28.0,86.0
1474,740,Suriname,2020,1.0,58.0,29.0,88.0
1475,740,Suriname,2021,1.0,80.0,31.0,112.0
1476,744,Svalbard and Jan Mayen Is.,2004,0.0,9.0,0.0,9.0
1477,744,Svalbard and Jan Mayen Is.,2010,0.0,3.0,0.0,3.0
1478,744,Svalbard and Jan Mayen Is.,2015,0.0,5.0,0.0,5.0
1479,744,Svalbard and Jan Mayen Is.,2018,0.0,9.0,0.0,9.0
1480,744,Svalbard and Jan Mayen Is.,2019,0.0,10.0,1.0,11.0
1481,744,Svalbard and Jan Mayen Is.,2020,0.0,10.0,1.0,11.0
1482,744,Svalbard and Jan Mayen Is.,2021,0.0,11.0,1.0,12.0
1483,748,Eswatini,2004,0.0,12.0,11.0,23.0
1484,748,Eswatini,2010,0.0,18.0,11.0,29.0
1485,748,Eswatini,2015,0.0,23.0,11.0,34.0
1486,748,Eswatini,2018,0.0,26.0,12.0,38.0
1487,748,Eswatini,2019,0.0,28.0,13.0,41.0
1488,748,Eswatini,2020,0.0,28.0,13.0,41.0
1489,748,Eswatini,2021,2.0,29.0,15.0,46.0
1490,752,Sweden,2004,13.0,20.0,3.0,36.0
1491,752,Sweden,2010,11.0,15.0,3.0,29.0
1492,752,Sweden,2015,15.0,16.0,5.0,36.0
1493,752,Sweden,2018,16.0,27.0,15.0,58.0
1494,752,Sweden,2019,16.0,28.0,41.0,85.0
1495,752,Sweden,2020,16.0,29.0,53.0,98.0
1496,752,Sweden,2021,16.0,31.0,57.0,104.0
1497,756,Switzerland,2004,30.0,17.0,2.0,49.0
1498,756,Switzerland,2010,28.0,14.0,3.0,45.0
1499,756,Switzerland,2015,43.0,15.0,4.0,62.0
1500,756,Switzerland,2018,47.0,22.0,10.0,79.0
1501,756,Switzerland,2019,47.0,22.0,43.0,112.0
1502,756,Switzerland,2020,47.0,22.0,59.0,128.0
1503,756,Switzerland,2021,47.0,24.0,60.0,131.0
1504,760,Syrian Arab Republic,2004,3.0,26.0,0.0,29.0
1505,760,Syrian Arab Republic,2010,7.0,68.0,3.0,78.0
1506,760,Syrian Arab Republic,2015,20.0,84.0,4.0,108.0
1507,760,Syrian Arab Republic,2018,22.0,91.0,26.0,139.0
1508,760,Syrian Arab Republic,2019,22.0,91.0,31.0,144.0
1509,760,Syrian Arab Republic,2020,23.0,92.0,32.0,147.0
1510,760,Syrian Arab Republic,2021,22.0,99.0,44.0,165.0
1511,762,Tajikistan,2004,2.0,20.0,2.0,24.0
1512,762,Tajikistan,2010,2.0,24.0,14.0,40.0
1513,762,Tajikistan,2015,3.0,26.0,12.0,41.0
1514,762,Tajikistan,2018,3.0,32.0,12.0,47.0
1515,762,Tajikistan,2019,3.0,32.0,13.0,48.0
1516,762,Tajikistan,2020,3.0,32.0,13.0,48.0
1517,762,Tajikistan,2021,3.0,33.0,12.0,48.0
1518,764,Thailand,2004,1.0,136.0,84.0,221.0
1519,764,Thailand,2010,185.0,201.0,91.0,477.0
1520,764,Thailand,2015,211.0,234.0,150.0,595.0
1521,764,Thailand,2018,211.0,255.0,155.0,621.0
1522,764,Thailand,2019,212.0,275.0,168.0,655.0
1523,764,Thailand,2020,213.0,279.0,182.0,674.0
1524,764,Thailand,2021,213.0,318.0,215.0,746.0
1525,768,Togo,2004,0.0,22.0,10.0,32.0
1526,768,Togo,2010,1.0,43.0,10.0,54.0
1527,768,Togo,2015,3.0,51.0,12.0,66.0
1528,768,Togo,2018,3.0,70.0,12.0,85.0
1529,768,Togo,2019,3.0,74.0,13.0,90.0
1530,768,Togo,2020,3.0,78.0,13.0,94.0
1531,768,Togo,2021,5.0,88.0,13.0,106.0
1532,772,Tokelau,2004,0.0,6.0,0.0,6.0
1533,772,Tokelau,2010,31.0,10.0,0.0,41.0
1534,772,Tokelau,2015,35.0,11.0,0.0,46.0
1535,772,Tokelau,2018,35.0,14.0,0.0,49.0
1536,772,Tokelau,2019,35.0,16.0,0.0,51.0
1537,772,Tokelau,2020,35.0,19.0,0.0,54.0
1538,772,Tokelau,2021,36.0,22.0,0.0,58.0
1539,776,Tonga,2004,2.0,11.0,3.0,16.0
1540,776,Tonga,2010,35.0,19.0,4.0,58.0
1541,776,Tonga,2015,47.0,23.0,4.0,74.0
1542,776,Tonga,2018,47.0,28.0,5.0,80.0
1543,776,Tonga,2019,47.0,28.0,5.0,80.0
1544,776,Tonga,2020,51.0,32.0,7.0,90.0
1545,776,Tonga,2021,58.0,35.0,7.0,100.0
1546,780,Trinidad and Tobago,2004,0.0,32.0,1.0,33.0
1547,780,Trinidad and Tobago,2010,10.0,37.0,1.0,48.0
1548,780,Trinidad and Tobago,2015,10.0,53.0,2.0,65.0
1549,780,Trinidad and Tobago,2018,10.0,58.0,50.0,118.0
1550,780,Trinidad and Tobago,2019,10.0,60.0,51.0,121.0
1551,780,Trinidad and Tobago,2020,10.0,66.0,50.0,126.0
1552,780,Trinidad and Tobago,2021,10.0,79.0,50.0,139.0
1553,784,United Arab Emirates,2004,0.0,23.0,0.0,23.0
1554,784,United Arab Emirates,2010,16.0,32.0,0.0,48.0
1555,784,United Arab Emirates,2015,15.0,33.0,0.0,48.0
1556,784,United Arab Emirates,2018,15.0,45.0,0.0,60.0
1557,784,United Arab Emirates,2019,15.0,49.0,0.0,64.0
1558,784,United Arab Emirates,2020,15.0,54.0,0.0,69.0
1559,784,United Arab Emirates,2021,15.0,66.0,0.0,81.0
1560,788,Tunisia,2004,5.0,31.0,0.0,36.0
1561,788,Tunisia,2010,11.0,57.0,7.0,75.0
1562,788,Tunisia,2015,15.0,61.0,7.0,83.0
1563,788,Tunisia,2018,20.0,71.0,10.0,101.0
1564,788,Tunisia,2019,20.0,71.0,10.0,101.0
1565,788,Tunisia,2020,21.0,74.0,12.0,107.0
1566,788,Tunisia,2021,21.0,85.0,14.0,120.0
1567,792,Turkey,2004,13.0,76.0,3.0,92.0
1568,792,Turkey,2010,15.0,130.0,5.0,150.0
1569,792,Turkey,2015,76.0,191.0,103.0,370.0
1570,792,Turkey,2018,85.0,201.0,114.0,400.0
1571,792,Turkey,2019,86.0,208.0,132.0,426.0
1572,792,Turkey,2020,88.0,209.0,138.0,435.0
1573,792,Turkey,2021,87.0,216.0,139.0,442.0
1574,795,Turkmenistan,2004,5.0,35.0,0.0,40.0
1575,795,Turkmenistan,2010,5.0,37.0,3.0,45.0
1576,795,Turkmenistan,2015,7.0,38.0,4.0,49.0
1577,795,Turkmenistan,2018,7.0,46.0,4.0,57.0
1578,795,Turkmenistan,2019,7.0,48.0,4.0,59.0
1579,795,Turkmenistan,2020,7.0,48.0,4.0,59.0
1580,795,Turkmenistan,2021,7.0,48.0,4.0,59.0
1581,796,Turks and Caicos Islands,2004,0.0,18.0,2.0,20.0
1582,796,Turks and Caicos Islands,2010,10.0,22.0,2.0,34.0
1583,796,Turks and Caicos Islands,2015,10.0,37.0,9.0,56.0
1584,796,Turks and Caicos Islands,2018,10.0,42.0,9.0,61.0
1585,796,Turks and Caicos Islands,2019,10.0,44.0,9.0,63.0
1586,796,Turks and Caicos Islands,2020,10.0,47.0,8.0,65.0
1587,796,Turks and Caicos Islands,2021,10.0,56.0,10.0,76.0
1588,798,Tuvalu,2004,1.0,7.0,0.0,8.0
1589,798,Tuvalu,2010,71.0,14.0,0.0,85.0
1590,798,Tuvalu,2015,78.0,15.0,0.0,93.0
1591,798,Tuvalu,2018,78.0,18.0,0.0,96.0
1592,798,Tuvalu,2019,78.0,20.0,0.0,98.0
1593,798,Tuvalu,2020,78.0,21.0,0.0,99.0
1594,798,Tuvalu,2021,79.0,23.0,0.0,102.0
1595,800,Uganda,2004,19.0,77.0,38.0,134.0
1596,800,Uganda,2010,15.0,110.0,41.0,166.0
1597,800,Uganda,2015,19.0,117.0,52.0,188.0
1598,800,Uganda,2018,30.0,124.0,64.0,218.0
1599,800,Uganda,2019,30.0,126.0,83.0,239.0
1600,800,Uganda,2020,31.0,128.0,107.0,266.0
1601,800,Uganda,2021,31.0,131.0,107.0,269.0
1602,804,Ukraine,2004,14.0,40.0,1.0,55.0
1603,804,Ukraine,2010,15.0,45.0,1.0,61.0
1604,804,Ukraine,2015,23.0,47.0,17.0,87.0
1605,804,Ukraine,2018,38.0,53.0,23.0,114.0
1606,804,Ukraine,2019,38.0,53.0,36.0,127.0
1607,804,Ukraine,2020,38.0,53.0,41.0,132.0
1608,804,Ukraine,2021,38.0,55.0,41.0,134.0
1609,807,North Macedonia,2004,5.0,24.0,0.0,29.0
1610,807,North Macedonia,2010,59.0,31.0,0.0,90.0
1611,807,North Macedonia,2015,69.0,31.0,0.0,100.0
1612,807,North Macedonia,2018,86.0,34.0,5.0,125.0
1613,807,North Macedonia,2019,86.0,34.0,7.0,127.0
1614,807,North Macedonia,2020,86.0,34.0,13.0,133.0
1615,807,North Macedonia,2021,86.0,35.0,13.0,134.0
1616,818,Egypt,2004,1.0,43.0,2.0,46.0
1617,818,Egypt,2010,46.0,73.0,2.0,121.0
1618,818,Egypt,2015,55.0,83.0,3.0,141.0
1619,818,Egypt,2018,56.0,99.0,8.0,163.0
1620,818,Egypt,2019,56.0,105.0,8.0,169.0
1621,818,Egypt,2020,57.0,107.0,8.0,172.0
1622,818,Egypt,2021,57.0,126.0,8.0,191.0
1623,826,United Kingdom,2004,10.0,32.0,13.0,55.0
1624,826,United Kingdom,2010,11.0,48.0,14.0,73.0
1625,826,United Kingdom,2015,18.0,53.0,16.0,87.0
1626,826,United Kingdom,2018,19.0,64.0,48.0,131.0
1627,826,United Kingdom,2019,20.0,66.0,78.0,164.0
1628,826,United Kingdom,2020,20.0,67.0,89.0,176.0
1629,826,United Kingdom,2021,20.0,71.0,90.0,181.0
1630,831,Guernsey,2010,0.0,2.0,0.0,2.0
1631,831,Guernsey,2015,0.0,2.0,0.0,2.0
1632,831,Guernsey,2018,0.0,5.0,0.0,5.0
1633,831,Guernsey,2019,0.0,6.0,0.0,6.0
1634,831,Guernsey,2020,0.0,12.0,0.0,12.0
1635,831,Guernsey,2021,0.0,13.0,0.0,13.0
1636,832,Jersey,2010,0.0,2.0,0.0,2.0
1637,832,Jersey,2015,1.0,2.0,0.0,3.0
1638,832,Jersey,2018,1.0,5.0,0.0,6.0
1639,832,Jersey,2019,1.0,6.0,0.0,7.0
1640,832,Jersey,2020,1.0,12.0,1.0,14.0
1641,832,Jersey,2021,1.0,13.0,1.0,15.0
1642,833,Isle of Man,2010,0.0,2.0,0.0,2.0
1643,833,Isle of Man,2015,0.0,3.0,0.0,3.0
1644,833,Isle of Man,2018,0.0,3.0,0.0,3.0
1645,833,Isle of Man,2019,0.0,2.0,1.0,3.0
1646,833,Isle of Man,2020,0.0,5.0,1.0,6.0
1647,833,Isle of Man,2021,0.0,7.0,1.0,8.0
1648,834,United Rep. of Tanzania,2004,33.0,144.0,239.0,416.0
1649,834,United Rep. of Tanzania,2010,80.0,313.0,298.0,691.0
1650,834,United Rep. of Tanzania,2015,129.0,346.0,602.0,1077.0
1651,834,United Rep. of Tanzania,2018,129.0,360.0,632.0,1121.0
1652,834,United Rep. of Tanzania,2019,147.0,366.0,661.0,1174.0
1653,834,United Rep. of Tanzania,2020,147.0,386.0,726.0,1259.0
1654,834,United Rep. of Tanzania,2021,148.0,407.0,867.0,1422.0
1655,840,United States of America,2004,561.0,342.0,240.0,1143.0
1656,840,United States of America,2010,531.0,376.0,245.0,1152.0
1657,840,United States of America,2015,575.0,444.0,280.0,1299.0
1658,840,United States of America,2018,580.0,462.0,498.0,1540.0
1659,840,United States of America,2019,581.0,479.0,556.0,1616.0
1660,840,United States of America,2020,586.0,482.0,587.0,1655.0
1661,840,United States of America,2021,600.0,506.0,735.0,1841.0
1662,850,United States Virgin Islands,2004,0.0,22.0,9.0,31.0
1663,850,United States Virgin Islands,2010,0.0,21.0,12.0,33.0
1664,850,United States Virgin Islands,2015,0.0,41.0,12.0,53.0
1665,850,United States Virgin Islands,2018,0.0,46.0,17.0,63.0
1666,850,United States Virgin Islands,2019,0.0,50.0,17.0,67.0
1667,850,United States Virgin Islands,2020,0.0,54.0,20.0,74.0
1668,850,United States Virgin Islands,2021,0.0,66.0,21.0,87.0
1669,854,Burkina Faso,2004,0.0,9.0,2.0,11.0
1670,854,Burkina Faso,2010,1.0,20.0,3.0,24.0
1671,854,Burkina Faso,2015,1.0,25.0,3.0,29.0
1672,854,Burkina Faso,2018,1.0,26.0,3.0,30.0
1673,854,Burkina Faso,2019,1.0,28.0,4.0,33.0
1674,854,Burkina Faso,2020,1.0,30.0,5.0,36.0
1675,854,Burkina Faso,2021,0.0,31.0,5.0,36.0
1676,858,Uruguay,2004,1.0,48.0,1.0,50.0
1677,858,Uruguay,2010,1.0,78.0,1.0,80.0
1678,858,Uruguay,2015,2.0,79.0,22.0,103.0
1679,858,Uruguay,2018,2.0,85.0,22.0,109.0
1680,858,Uruguay,2019,2.0,86.0,22.0,110.0
1681,858,Uruguay,2020,2.0,92.0,22.0,116.0
1682,858,Uruguay,2021,3.0,111.0,22.0,136.0
1683,860,Uzbekistan,2004,1.0,29.0,1.0,31.0
1684,860,Uzbekistan,2010,1.0,34.0,15.0,50.0
1685,860,Uzbekistan,2015,3.0,34.0,17.0,54.0
1686,860,Uzbekistan,2018,3.0,43.0,16.0,62.0
1687,860,Uzbekistan,2019,3.0,43.0,16.0,62.0
1688,860,Uzbekistan,2020,3.0,43.0,16.0,62.0
1689,860,Uzbekistan,2021,3.0,44.0,15.0,62.0
1690,862,Venezuela (Boliv. Rep. of),2004,1.0,151.0,67.0,219.0
1691,862,Venezuela (Boliv. Rep. of),2010,21.0,179.0,70.0,270.0
1692,862,Venezuela (Boliv. Rep. of),2015,26.0,209.0,77.0,312.0
1693,862,Venezuela (Boliv. Rep. of),2018,26.0,228.0,81.0,335.0
1694,862,Venezuela (Boliv. Rep. of),2019,26.0,231.0,90.0,347.0
1695,862,Venezuela (Boliv. Rep. of),2020,26.0,251.0,102.0,379.0
1696,862,Venezuela (Boliv. Rep. of),2021,41.0,332.0,392.0,765.0
1697,876,Wallis and Futuna Islands,2004,0.0,12.0,1.0,13.0
1698,876,Wallis and Futuna Islands,2010,57.0,16.0,1.0,74.0
1699,876,Wallis and Futuna Islands,2015,65.0,22.0,1.0,88.0
1700,876,Wallis and Futuna Islands,2018,64.0,24.0,1.0,89.0
1701,876,Wallis and Futuna Islands,2019,64.0,24.0,1.0,89.0
1702,876,Wallis and Futuna Islands,2020,64.0,27.0,1.0,92.0
1703,876,Wallis and Futuna Islands,2021,64.0,29.0,1.0,94.0
1704,882,Samoa,2004,1.0,15.0,2.0,18.0
1705,882,Samoa,2010,53.0,23.0,2.0,78.0
1706,882,Samoa,2015,62.0,26.0,2.0,90.0
1707,882,Samoa,2018,62.0,29.0,2.0,93.0
1708,882,Samoa,2019,63.0,30.0,2.0,95.0
1709,882,Samoa,2020,64.0,33.0,3.0,100.0
1710,882,Samoa,2021,65.0,35.0,9.0,109.0
1711,887,Yemen,2004,2.0,34.0,159.0,195.0
1712,887,Yemen,2010,62.0,48.0,159.0,269.0
1713,887,Yemen,2015,68.0,57.0,162.0,287.0
1714,887,Yemen,2018,68.0,72.0,163.0,303.0
1715,887,Yemen,2019,68.0,78.0,163.0,309.0
1716,887,Yemen,2020,68.0,82.0,163.0,313.0
1717,887,Yemen,2021,68.0,97.0,164.0,329.0
1718,891,Serbia and Monten. [former],2004,19.0,42.0,1.0,62.0
1719,894,Zambia,2004,7.0,24.0,8.0,39.0
1720,894,Zambia,2010,14.0,44.0,9.0,67.0
1721,894,Zambia,2015,14.0,49.0,20.0,83.0
1722,894,Zambia,2018,15.0,54.0,22.0,91.0
1723,894,Zambia,2019,14.0,56.0,28.0,98.0
1724,894,Zambia,2020,14.0,61.0,32.0,107.0
1725,894,Zambia,2021,13.0,63.0,45.0,121.0
1726,896,Areas n.e.s,2004,0.0,1.0,0.0,1.0
1727,896,Areas n.e.s,2010,0.0,1.0,0.0,1.0
1728,896,Areas n.e.s,2015,1.0,1.0,0.0,2.0
1729,896,Areas n.e.s,2018,1.0,5.0,0.0,6.0
1730,896,Areas n.e.s,2019,1.0,7.0,,8.0
